,aac(6')-Ib,acrA,acrB,ampC,blaCTX-M,blaIMP,blaKPC,blaNDM,blaOXA,blaSHV,blaTEM,blaVIM,gyrA_D87N,gyrA_S83L,marA,mdfA,ompC_down,ompK36_loss,parC_S80I,parE_S458A,qnrB,qnrS,tolC,total_amr_genes,beta_lactamase_count,carbapenemase_count,efflux_pump_count,target_mutation_count,plasmid_qnr_count,porin_alteration_count
GCF_1000000.1,1,1,1,0,1,0,0,0,0,1,1,0,0,1,1,0,0,0,0,0,1,1,1,11,3,0,4,1,2,0
GCF_1000001.1,1,1,1,0,1,0,0,0,1,0,0,0,0,0,1,0,0,0,0,0,0,0,0,6,2,0,3,0,0,0
GCF_1000002.1,0,1,1,1,0,0,1,0,0,1,0,0,0,0,0,1,0,0,0,0,0,0,1,7,3,1,4,0,0,0
GCF_1000003.1,0,1,1,0,1,0,0,0,0,0,0,0,0,0,1,0,0,0,1,1,0,0,1,7,1,0,4,2,0,0
GCF_1000004.1,1,1,1,0,1,0,0,1,0,0,1,0,1,1,0,0,1,1,0,1,1,1,0,13,3,1,2,3,2,2
GCF_1000005.1,0,1,0,0,1,0,0,1,0,0,1,0,0,0,0,0,1,0,1,0,0,1,1,8,3,1,2,1,1,1
GCF_1000006.1,1,1,1,1,0,0,0,0,0,1,1,0,0,1,0,0,0,0,0,1,1,1,1,11,3,0,3,2,2,0
GCF_1000007.1,1,1,1,0,0,0,0,0,0,1,1,0,0,0,0,0,0,0,0,1,0,0,1,7,2,0,3,1,0,0
GCF_1000008.1,1,1,1,1,0,0,0,0,0,1,0,0,0,1,1,1,1,0,0,0,0,0,1,10,2,0,5,1,0,1
GCF_1000009.1,0,1,0,0,0,0,0,0,0,0,0,0,1,0,0,0,0,0,1,0,0,0,1,4,0,0,2,2,0,0
GCF_1000010.1,1,0,1,0,1,0,0,1,0,0,1,1,1,1,0,0,0,1,1,1,0,1,1,13,4,2,2,4,1,1
GCF_1000011.1,1,1,1,0,0,0,0,0,0,0,0,0,1,0,0,0,0,1,0,0,0,0,0,5,0,0,2,1,0,1
GCF_1000012.1,0,1,1,0,0,0,0,0,1,0,1,1,0,0,1,0,0,0,0,0,0,0,1,7,3,1,4,0,0,0
GCF_1000013.1,0,1,1,1,1,0,1,1,0,1,1,0,1,1,0,0,1,0,1,1,0,0,1,14,6,2,3,4,0,1
GCF_1000014.1,1,1,1,1,0,0,1,1,0,1,1,0,1,1,0,0,1,0,0,0,0,1,1,13,5,2,3,2,1,1
GCF_1000015.1,0,1,0,1,1,0,0,0,1,0,0,0,1,1,0,0,0,0,1,1,1,0,1,10,3,0,2,4,1,0
GCF_1000016.1,1,1,1,1,0,0,0,0,1,0,1,0,1,1,0,0,0,0,1,1,0,1,1,12,3,0,3,4,1,0
GCF_1000017.1,0,1,1,0,0,0,0,0,1,0,0,0,0,0,0,0,0,1,0,0,0,0,0,4,1,0,2,0,0,1
GCF_1000018.1,0,1,1,0,1,0,1,0,0,1,0,1,1,0,0,1,0,1,1,1,0,0,1,12,4,2,4,3,0,1
GCF_1000019.1,1,1,1,1,0,0,0,0,0,0,1,0,0,0,1,1,1,0,1,1,1,0,1,12,2,0,5,2,1,1
GCF_1000020.1,0,0,1,0,0,0,1,0,0,1,0,0,0,1,0,0,0,1,0,0,0,0,1,6,2,1,2,1,0,1
GCF_1000021.1,0,1,1,1,1,0,0,0,0,1,1,0,1,1,0,1,0,0,0,1,0,1,1,12,4,0,4,3,1,0
GCF_1000022.1,0,1,1,0,1,0,0,0,1,0,0,0,0,0,1,1,0,0,0,0,1,1,1,9,2,0,5,0,2,0
GCF_1000023.1,0,1,1,0,0,0,0,1,0,0,0,0,0,0,0,0,1,1,0,0,0,0,1,6,1,1,3,0,0,2
GCF_1000024.1,0,1,1,1,0,0,0,0,0,0,0,0,0,0,0,0,0,0,0,0,1,0,1,5,1,0,3,0,1,0
GCF_1000025.1,0,1,1,1,0,0,0,0,0,0,0,0,1,0,0,1,0,0,0,0,0,0,1,6,1,0,4,1,0,0
GCF_1000026.1,1,1,1,0,1,0,1,0,0,0,0,0,1,1,0,1,0,0,1,1,1,1,1,13,2,1,4,4,2,0
GCF_1000027.1,0,1,1,0,0,0,0,0,0,0,1,0,0,1,1,0,0,0,0,0,0,0,1,6,1,0,4,1,0,0
GCF_1000028.1,1,1,1,1,0,0,0,0,0,0,1,0,0,1,1,1,0,0,0,0,0,0,1,9,2,0,5,1,0,0
GCF_1000029.1,1,1,1,0,0,0,0,0,1,0,0,0,1,1,0,1,0,0,1,1,1,0,1,11,1,0,4,4,1,0
GCF_1000030.1,0,1,1,1,1,0,0,1,0,1,1,1,0,0,0,0,0,1,0,0,0,1,1,11,6,2,3,0,1,1
GCF_1000031.1,0,1,1,0,1,0,0,0,1,0,0,0,1,1,1,0,0,0,0,0,1,0,1,9,2,0,4,2,1,0
GCF_1000032.1,0,1,1,1,1,0,0,0,0,1,1,0,0,1,0,0,0,0,1,1,1,1,1,12,4,0,3,3,2,0
GCF_1000033.1,0,1,1,1,0,0,0,0,0,0,1,0,1,0,0,0,0,0,0,0,1,0,1,7,2,0,3,1,1,0
GCF_1000034.1,0,1,1,1,1,0,1,0,0,1,0,0,0,1,0,0,0,0,1,0,0,0,1,9,4,1,3,2,0,0
GCF_1000035.1,0,1,1,0,0,0,0,1,0,0,1,0,0,0,1,0,0,1,0,0,0,1,0,7,2,1,3,0,1,1
GCF_1000036.1,1,1,0,1,0,0,1,0,0,1,1,1,1,1,0,1,1,1,1,1,1,1,1,17,5,2,3,4,2,2
GCF_1000037.1,1,0,1,0,1,0,1,1,0,0,0,0,1,1,0,0,0,1,0,1,1,1,1,12,3,2,2,3,2,1
GCF_1000038.1,0,1,1,1,1,0,0,0,1,0,1,0,1,1,1,0,0,0,0,0,0,1,1,11,4,0,4,2,1,0
GCF_1000039.1,0,1,1,1,0,0,0,0,0,1,1,0,1,0,0,1,0,0,1,1,1,1,0,11,3,0,3,3,2,0
GCF_1000040.1,1,1,1,0,0,0,0,0,0,0,0,0,1,0,0,0,0,1,0,0,1,1,1,8,0,0,3,1,2,1
GCF_1000041.1,0,1,1,0,0,0,0,0,0,0,0,0,0,0,1,0,1,0,1,1,0,0,1,7,0,0,4,2,0,1
GCF_1000042.1,0,1,1,1,1,0,0,0,0,1,1,0,1,1,0,1,1,0,1,1,0,0,1,13,4,0,4,4,0,1
GCF_1000043.1,1,1,1,1,1,0,1,0,0,0,0,0,0,0,1,0,0,0,0,0,0,0,1,8,3,1,4,0,0,0
GCF_1000044.1,0,1,1,0,0,0,0,0,0,0,1,0,1,0,1,1,0,0,1,0,1,1,1,10,1,0,5,2,2,0
GCF_1000045.1,0,1,0,1,0,0,1,0,0,0,1,1,0,0,0,0,0,0,0,1,0,0,1,7,4,2,2,1,0,0
GCF_1000046.1,1,1,1,1,1,1,1,1,1,1,1,1,1,1,0,0,1,0,0,0,1,0,1,17,9,4,3,2,1,1
GCF_1000047.1,1,1,1,1,1,0,0,0,0,0,0,0,0,1,0,0,0,0,0,0,0,0,0,6,2,0,2,1,0,0
GCF_1000048.1,0,1,1,0,0,0,0,0,0,0,1,0,1,0,0,1,0,0,0,0,0,0,1,6,1,0,4,1,0,0
GCF_1000049.1,1,1,1,1,1,0,0,0,0,1,1,1,1,1,0,0,1,1,1,0,1,1,1,16,5,1,3,3,2,2
GCF_1000050.1,1,1,1,1,0,0,0,0,1,0,0,0,0,0,0,0,0,0,0,0,0,0,1,6,2,0,3,0,0,0
GCF_1000051.1,0,1,1,1,0,0,0,0,0,0,0,0,0,1,1,0,1,0,0,0,0,1,1,8,1,0,4,1,1,1
GCF_1000052.1,1,1,1,0,0,0,1,0,0,0,1,0,0,0,0,0,0,1,0,1,1,0,1,9,2,1,3,1,1,1
GCF_1000053.1,0,1,0,0,0,0,0,0,0,0,0,1,0,1,0,0,0,0,1,0,0,0,1,5,1,1,2,2,0,0
GCF_1000054.1,0,1,1,1,0,0,0,0,0,0,0,0,0,0,0,1,0,1,0,0,1,0,1,7,1,0,4,0,1,1
GCF_1000055.1,0,1,1,1,1,0,0,0,0,0,0,0,0,1,1,0,0,0,0,0,0,0,1,7,2,0,4,1,0,0
GCF_1000056.1,0,1,1,0,1,0,1,0,1,0,1,0,1,1,0,1,0,0,1,1,0,1,1,13,4,1,4,4,1,0
GCF_1000057.1,0,1,1,0,1,0,0,0,0,1,1,0,1,0,1,0,0,0,0,1,1,0,1,10,3,0,4,2,1,0
GCF_1000058.1,1,1,1,1,0,0,0,0,0,0,1,0,1,0,0,0,0,0,1,0,1,1,1,10,2,0,3,2,2,0
GCF_1000059.1,1,1,1,1,1,0,0,0,0,0,0,0,1,1,1,0,0,0,1,0,0,1,1,11,2,0,4,3,1,0
GCF_1000060.1,0,1,1,1,0,0,1,1,0,0,1,1,1,1,1,1,1,1,0,1,1,0,1,16,5,3,5,3,1,2
GCF_1000061.1,0,1,1,0,1,0,0,1,0,1,1,0,1,1,0,0,0,0,1,0,1,0,1,11,4,1,3,3,1,0
GCF_1000062.1,0,1,1,0,1,0,0,0,1,0,0,0,0,1,0,0,0,0,0,0,0,0,1,6,2,0,3,1,0,0
GCF_1000063.1,0,1,1,0,0,0,0,0,0,0,0,0,0,0,0,0,0,1,0,0,1,0,1,5,0,0,3,0,1,1
GCF_1000064.1,0,1,1,1,0,0,1,1,1,0,1,1,1,0,1,0,1,1,1,0,0,0,1,14,6,3,4,2,0,2
GCF_1000065.1,0,1,1,0,0,0,0,0,0,0,1,0,0,0,0,0,0,0,0,0,0,0,1,4,1,0,3,0,0,0
GCF_1000066.1,1,1,1,1,1,0,1,0,0,0,1,0,0,1,0,0,1,0,1,0,1,1,1,13,4,1,3,2,2,1
GCF_1000067.1,0,1,1,0,1,0,0,0,0,0,1,0,0,1,0,0,0,0,0,0,0,0,1,6,2,0,3,1,0,0
GCF_1000068.1,1,1,1,1,0,0,1,0,0,1,1,0,1,0,1,0,1,1,1,1,1,0,0,14,4,1,3,3,1,2
GCF_1000069.1,1,1,1,1,0,0,0,0,0,1,0,0,0,0,1,0,1,0,0,0,0,0,1,8,2,0,4,0,0,1
GCF_1000070.1,0,1,1,1,0,0,0,0,0,0,0,0,0,0,1,0,0,0,0,0,0,0,1,5,1,0,4,0,0,0
GCF_1000071.1,0,1,1,1,0,0,0,0,0,0,1,0,0,1,1,0,1,0,1,1,0,1,1,11,2,0,4,3,1,1
GCF_1000072.1,0,1,1,0,0,0,1,0,0,1,1,0,1,1,0,1,0,0,1,1,1,1,1,13,3,1,4,4,2,0
GCF_1000073.1,0,1,0,1,1,0,0,0,0,0,0,0,0,0,0,0,1,1,0,0,0,0,1,6,2,0,2,0,0,2
GCF_1000074.1,0,1,1,0,1,0,1,0,1,0,0,0,0,0,1,0,0,0,0,1,0,0,1,8,3,1,4,1,0,0
GCF_1000075.1,0,1,1,0,0,0,0,0,1,0,0,0,0,1,1,0,0,0,0,0,0,0,1,6,1,0,4,1,0,0
GCF_1000076.1,0,1,1,0,0,0,0,0,0,0,0,0,1,0,0,0,0,0,0,0,0,1,1,5,0,0,3,1,1,0
GCF_1000077.1,1,1,1,0,0,0,0,0,1,0,1,0,0,1,0,0,1,0,0,0,0,1,1,9,2,0,3,1,1,1
GCF_1000078.1,0,1,1,1,1,0,0,0,0,1,1,0,1,1,0,0,0,0,0,1,1,1,1,12,4,0,3,3,2,0
GCF_1000079.1,0,1,1,0,0,0,0,0,1,0,0,0,1,1,0,1,0,0,1,1,0,1,1,10,1,0,4,4,1,0
GCF_1000080.1,1,1,1,0,0,0,0,0,0,0,1,0,0,0,0,1,1,0,0,0,0,0,1,7,1,0,4,0,0,1
GCF_1000081.1,0,1,1,1,1,0,1,0,0,0,1,1,0,0,1,0,0,1,0,1,0,0,1,11,5,2,4,1,0,1
GCF_1000082.1,0,1,1,1,0,1,0,0,0,0,1,0,1,1,1,0,1,0,0,0,1,1,0,11,3,1,3,2,2,1
GCF_1000083.1,0,1,1,0,0,0,1,0,0,0,0,0,1,1,0,0,0,1,0,0,1,1,1,9,1,1,3,2,2,1
GCF_1000084.1,1,1,1,0,1,0,0,0,0,0,1,0,1,1,0,0,0,0,1,0,0,1,1,10,2,0,3,3,1,0
GCF_1000085.1,1,1,1,1,1,1,0,0,0,0,0,1,1,0,1,0,0,0,1,1,1,0,0,12,4,2,3,3,1,0
GCF_1000086.1,1,0,1,0,0,0,0,1,0,0,1,0,0,0,1,0,0,0,1,0,0,0,1,7,2,1,3,1,0,0
GCF_1000087.1,0,1,0,0,1,0,0,0,1,1,1,0,0,1,0,1,1,0,0,0,0,0,1,9,4,0,3,1,0,1
GCF_1000088.1,1,1,1,0,0,0,0,0,0,0,0,0,0,0,0,1,0,0,0,0,0,0,1,5,0,0,4,0,0,0
GCF_1000089.1,0,1,1,1,1,0,0,0,0,1,1,0,0,0,1,0,1,0,1,0,0,0,1,10,4,0,4,1,0,1
GCF_1000090.1,1,1,1,1,0,0,0,0,0,1,0,0,1,1,0,1,0,0,1,0,0,0,1,10,2,0,4,3,0,0
GCF_1000091.1,0,1,1,0,0,0,0,0,0,0,0,0,0,0,0,1,0,0,0,0,0,0,0,3,0,0,3,0,0,0
GCF_1000092.1,0,1,1,1,0,1,0,0,0,0,0,0,0,0,0,1,0,0,1,0,0,0,1,7,2,1,4,1,0,0
GCF_1000093.1,0,1,1,0,0,0,0,0,0,0,0,0,0,0,0,0,0,0,0,0,0,0,1,3,0,0,3,0,0,0
GCF_1000094.1,0,1,1,0,1,0,0,0,1,1,1,0,0,0,1,0,0,0,0,0,0,0,1,8,4,0,4,0,0,0
GCF_1000095.1,0,1,1,1,1,0,0,0,1,1,1,0,0,0,1,0,0,0,0,0,0,0,0,8,5,0,3,0,0,0
GCF_1000096.1,0,1,1,1,0,0,0,0,0,0,1,0,0,1,1,0,0,1,0,0,0,1,1,9,2,0,4,1,1,1
GCF_1000097.1,1,1,1,1,1,0,0,0,0,1,1,0,0,1,0,0,0,0,0,0,0,0,0,8,4,0,2,1,0,0
GCF_1000098.1,0,1,1,0,0,0,0,0,0,0,0,0,1,0,0,0,0,0,1,1,1,1,0,7,0,0,2,3,2,0
GCF_1000099.1,1,1,1,1,1,0,0,0,0,1,1,0,1,1,1,0,1,0,1,1,1,1,1,16,4,0,4,4,2,1
GCF_1000100.1,1,1,1,0,1,0,0,0,0,1,1,0,1,0,0,0,0,0,1,1,1,0,0,10,3,0,2,3,1,0
GCF_1000101.1,1,1,1,1,1,0,0,0,0,0,1,0,0,0,0,0,0,0,0,0,0,1,1,8,3,0,3,0,1,0
GCF_1000102.1,1,1,1,1,0,0,1,1,1,0,0,1,1,1,0,0,1,1,1,1,0,0,1,15,5,3,3,4,0,2
GCF_1000103.1,0,1,1,0,0,0,0,0,0,0,1,0,0,0,1,1,0,0,0,0,0,0,1,6,1,0,5,0,0,0
GCF_1000104.1,0,1,1,0,0,0,0,0,1,0,0,0,1,0,1,0,0,0,0,0,1,0,1,7,1,0,4,1,1,0
GCF_1000105.1,1,1,0,1,1,0,0,0,0,0,1,0,1,0,0,0,0,0,1,1,1,1,1,11,3,0,2,3,2,0
GCF_1000106.1,1,1,1,0,0,0,0,0,0,1,1,0,1,1,0,0,0,0,0,0,0,0,1,8,2,0,3,2,0,0
GCF_1000107.1,1,1,1,0,0,0,0,0,0,0,0,0,0,0,0,1,0,0,0,0,0,0,1,5,0,0,4,0,0,0
GCF_1000108.1,1,1,0,0,0,0,0,0,0,0,1,0,0,1,1,0,0,0,1,0,1,1,1,9,1,0,3,2,2,0
GCF_1000109.1,1,1,1,1,0,0,0,0,1,1,1,0,0,1,1,0,0,0,0,1,1,0,0,11,4,0,3,2,1,0
GCF_1000110.1,0,1,1,0,0,0,0,0,0,0,1,1,0,1,1,0,1,1,1,1,0,0,1,11,2,1,4,3,0,2
GCF_1000111.1,1,1,1,1,1,0,1,1,1,1,1,1,1,0,1,0,0,0,0,1,1,1,1,17,8,3,4,2,2,0
GCF_1000112.1,0,1,1,1,1,0,1,0,0,1,1,0,0,0,0,0,0,0,0,0,0,0,1,8,5,1,3,0,0,0
GCF_1000113.1,0,1,1,0,0,0,1,0,0,1,1,0,0,1,0,0,0,0,1,0,1,0,1,9,3,1,3,2,1,0
GCF_1000114.1,0,1,1,1,0,0,0,0,0,1,0,0,0,0,0,1,0,0,0,0,0,1,1,7,2,0,4,0,1,0
GCF_1000115.1,0,1,1,0,1,0,0,1,0,0,1,0,0,0,1,0,1,0,0,0,0,0,1,8,3,1,4,0,0,1
GCF_1000116.1,0,1,1,1,1,0,0,0,1,1,1,1,0,0,0,0,1,0,0,0,0,0,1,10,6,1,3,0,0,1
GCF_1000117.1,1,1,1,1,0,0,1,0,0,0,0,0,1,1,1,0,1,0,1,0,0,1,1,12,2,1,4,3,1,1
GCF_1000118.1,0,1,0,1,0,0,1,1,0,0,0,1,0,1,0,0,1,0,0,0,1,0,0,8,4,3,1,1,1,1
GCF_1000119.1,1,1,1,0,0,0,0,0,0,1,1,0,0,0,0,1,0,0,1,0,0,0,0,7,2,0,3,1,0,0
GCF_1000120.1,0,1,1,1,0,0,0,0,0,1,1,0,1,1,0,0,0,1,0,0,0,0,1,9,3,0,3,2,0,1
GCF_1000121.1,0,1,0,0,0,0,0,0,0,0,0,0,0,0,0,0,0,0,0,0,0,0,0,1,0,0,1,0,0,0
GCF_1000122.1,1,1,1,1,0,0,1,0,0,0,1,0,1,1,1,0,0,0,1,0,0,1,1,12,3,1,4,3,1,0
GCF_1000123.1,0,1,1,0,1,0,0,0,0,0,0,0,1,1,0,1,0,0,1,1,1,1,1,11,1,0,4,4,2,0
GCF_1000124.1,1,1,0,0,0,0,0,0,0,0,1,0,0,1,0,0,0,0,1,1,1,1,0,8,1,0,1,3,2,0
GCF_1000125.1,0,1,1,0,1,0,0,0,1,0,1,0,0,1,0,0,0,0,1,0,1,1,1,10,3,0,3,2,2,0
GCF_1000126.1,0,1,1,1,0,0,0,1,0,1,1,0,1,0,1,0,0,0,1,0,0,1,1,11,4,1,4,2,1,0
GCF_1000127.1,0,1,1,1,0,0,0,0,0,0,0,1,0,0,1,0,0,0,1,0,0,0,1,7,2,1,4,1,0,0
GCF_1000128.1,0,1,0,1,1,0,0,0,0,0,1,0,1,1,0,0,0,0,1,1,0,1,1,10,3,0,2,4,1,0
GCF_1000129.1,0,0,1,0,1,0,0,0,0,1,1,0,0,0,0,0,0,0,0,0,0,0,1,5,3,0,2,0,0,0
GCF_1000130.1,1,1,1,0,0,0,1,0,0,0,1,0,0,1,1,0,1,0,0,0,0,1,1,10,2,1,4,1,1,1
GCF_1000131.1,0,1,1,1,1,0,1,0,0,1,1,0,1,1,1,0,1,0,1,0,1,1,1,15,5,1,4,3,2,1
GCF_1000132.1,1,1,0,1,0,0,0,0,0,1,1,0,0,1,1,1,0,0,1,1,0,1,1,12,3,0,4,3,1,0
GCF_1000133.1,1,1,1,1,0,0,0,0,0,0,1,0,1,0,0,0,0,0,1,1,0,0,0,8,2,0,2,3,0,0
GCF_1000134.1,0,1,1,0,0,0,0,0,0,0,1,0,0,1,0,0,0,1,0,0,1,0,0,6,1,0,2,1,1,1
GCF_1000135.1,1,1,1,1,1,0,1,0,0,0,1,0,0,1,0,1,1,0,1,1,0,1,1,14,4,1,4,3,1,1
GCF_1000136.1,0,1,1,1,0,0,1,0,0,0,0,0,0,0,0,0,1,1,0,0,0,0,1,7,2,1,3,0,0,2
GCF_1000137.1,1,1,1,0,0,0,0,1,0,1,0,0,0,1,1,1,0,0,0,0,0,0,1,9,2,1,5,1,0,0
GCF_1000138.1,1,0,1,0,0,0,0,0,0,0,1,0,1,1,0,0,0,1,0,0,0,0,1,7,1,0,2,2,0,1
GCF_1000139.1,0,1,1,0,0,0,0,0,0,0,0,0,1,0,0,0,0,0,0,0,0,0,1,4,0,0,3,1,0,0
GCF_1000140.1,0,1,1,0,1,0,0,1,0,0,1,0,1,0,0,0,0,0,1,1,0,0,1,9,3,1,3,3,0,0
GCF_1000141.1,1,1,1,1,1,0,0,0,0,1,1,0,0,1,0,1,0,0,1,1,0,1,1,13,4,0,4,3,1,0
GCF_1000142.1,0,1,1,0,0,0,0,0,0,0,0,0,0,0,0,0,0,0,0,0,1,0,1,4,0,0,3,0,1,0
GCF_1000143.1,1,1,1,0,1,0,0,0,0,0,0,0,1,1,0,0,0,0,0,1,0,1,1,9,1,0,3,3,1,0
GCF_1000144.1,0,1,1,1,1,0,0,0,1,0,1,0,1,1,1,0,0,0,1,0,1,1,1,13,4,0,4,3,2,0
GCF_1000145.1,1,1,1,1,1,0,0,0,0,0,0,0,0,1,0,0,0,0,0,1,0,0,1,8,2,0,3,2,0,0
GCF_1000146.1,0,1,1,0,0,0,0,0,0,0,0,0,0,0,0,0,0,0,0,0,0,0,1,3,0,0,3,0,0,0
GCF_1000147.1,0,1,1,0,0,0,0,0,0,0,1,0,1,0,0,0,0,0,0,1,0,0,1,6,1,0,3,2,0,0
GCF_1000148.1,1,1,1,0,1,1,0,0,0,0,1,0,0,1,0,0,0,0,0,0,1,1,1,10,3,1,3,1,2,0
GCF_1000149.1,1,1,1,0,0,0,0,0,0,0,0,0,0,1,0,1,0,0,1,1,0,0,1,8,0,0,4,3,0,0
GCF_1000150.1,0,1,1,1,0,0,0,0,0,0,0,0,0,0,0,0,0,0,0,0,0,0,1,4,1,0,3,0,0,0
GCF_1000151.1,1,1,1,0,0,0,0,1,0,0,1,1,0,1,0,1,1,1,0,0,1,1,0,12,3,2,3,1,2,2
GCF_1000152.1,0,1,0,0,0,0,0,0,0,0,1,0,0,0,0,1,0,0,1,0,0,1,1,6,1,0,3,1,1,0
GCF_1000153.1,1,1,1,1,0,0,0,0,0,0,0,0,0,1,1,0,0,0,0,0,0,1,1,8,1,0,4,1,1,0
GCF_1000154.1,0,1,1,0,0,0,1,0,1,0,0,1,0,1,0,0,1,1,0,0,0,1,1,10,3,2,3,1,1,2
GCF_1000155.1,1,1,1,1,0,0,0,0,0,0,0,0,1,1,0,0,1,0,1,0,1,0,1,10,1,0,3,3,1,1
GCF_1000156.1,0,1,1,1,1,0,1,0,0,1,1,1,1,1,0,0,1,1,0,0,0,0,0,12,6,2,2,2,0,2
GCF_1000157.1,0,1,1,1,1,1,0,0,0,0,0,0,0,1,0,0,0,0,0,0,0,1,1,8,3,1,3,1,1,0
GCF_1000158.1,1,1,1,1,0,0,0,0,0,0,0,0,1,1,1,0,0,0,0,1,1,1,1,11,1,0,4,3,2,0
GCF_1000159.1,1,1,1,1,1,0,0,0,0,1,1,0,0,0,0,0,0,0,0,0,1,0,1,9,4,0,3,0,1,0
GCF_1000160.1,0,0,1,0,1,0,0,0,1,0,0,0,1,0,0,0,0,0,0,1,0,0,1,6,2,0,2,2,0,0
GCF_1000161.1,0,1,0,0,1,0,0,0,0,0,1,0,0,0,1,0,0,0,0,0,0,0,1,5,2,0,3,0,0,0
GCF_1000162.1,0,1,1,0,0,0,0,0,0,0,0,0,1,1,0,0,1,0,1,0,0,0,1,7,0,0,3,3,0,1
GCF_1000163.1,1,1,1,1,0,0,0,0,0,0,1,0,0,0,0,0,0,0,0,0,0,0,1,6,2,0,3,0,0,0
GCF_1000164.1,1,1,1,0,1,0,0,0,0,1,0,0,0,1,0,1,0,0,1,0,1,0,1,10,2,0,4,2,1,0
GCF_1000165.1,0,1,1,0,0,0,0,1,0,0,0,0,0,0,1,0,0,0,1,0,0,0,1,6,1,1,4,1,0,0
GCF_1000166.1,1,0,1,1,0,0,0,0,0,0,1,0,1,0,0,0,0,0,1,1,1,0,0,8,2,0,1,3,1,0
GCF_1000167.1,1,1,1,0,1,0,0,0,0,1,0,1,1,1,1,0,1,1,1,1,0,0,1,14,3,1,4,4,0,2
GCF_1000168.1,1,0,1,1,1,0,0,0,0,1,1,0,1,1,0,0,0,0,1,0,1,0,0,10,4,0,1,3,1,0
GCF_1000169.1,0,1,1,1,0,0,0,0,0,0,0,0,0,0,0,0,0,0,0,0,0,0,1,4,1,0,3,0,0,0
GCF_1000170.1,0,1,1,0,0,1,0,0,0,0,1,0,0,1,1,0,0,0,1,0,0,0,0,7,2,1,3,2,0,0
GCF_1000171.1,1,1,0,1,0,0,1,0,1,0,0,0,1,1,1,0,1,1,1,1,1,1,1,15,3,1,3,4,2,2
GCF_1000172.1,1,1,0,1,1,0,0,0,0,0,0,0,0,0,0,1,0,1,1,1,0,0,1,9,2,0,3,2,0,1
GCF_1000173.1,0,1,1,1,1,0,0,0,0,0,1,0,0,1,0,0,0,0,0,1,0,1,1,9,3,0,3,2,1,0
GCF_1000174.1,0,1,1,1,1,0,0,0,0,0,1,0,1,0,0,0,0,0,1,0,0,0,1,8,3,0,3,2,0,0
GCF_1000175.1,1,1,1,0,0,0,0,0,0,0,1,0,1,0,1,0,0,0,1,0,0,1,1,9,1,0,4,2,1,0
GCF_1000176.1,0,1,0,0,0,0,0,0,1,0,1,0,0,0,0,0,1,0,0,0,0,0,1,5,2,0,2,0,0,1
GCF_1000177.1,1,1,1,1,1,0,0,0,0,1,1,0,0,0,0,0,0,0,0,0,0,0,1,8,4,0,3,0,0,0
GCF_1000178.1,0,1,1,0,0,0,0,1,0,0,0,0,0,0,1,0,0,0,1,1,1,0,1,8,1,1,4,2,1,0
GCF_1000179.1,0,1,1,1,0,0,1,0,0,0,0,0,1,1,0,0,0,0,1,1,0,1,1,10,2,1,3,4,1,0
GCF_1000180.1,1,0,1,1,0,1,0,0,0,0,0,0,1,1,1,0,0,0,1,0,0,0,1,9,2,1,3,3,0,0
GCF_1000181.1,1,1,1,0,0,0,0,0,0,1,1,0,1,1,1,0,0,1,1,1,1,1,1,14,2,0,4,4,2,1
GCF_1000182.1,0,1,1,1,0,0,1,0,0,1,0,0,0,1,0,1,0,1,0,0,0,0,1,9,3,1,4,1,0,1
GCF_1000183.1,0,1,1,0,0,0,0,0,0,0,1,0,1,1,0,0,0,0,0,0,0,0,1,6,1,0,3,2,0,0
GCF_1000184.1,0,1,1,1,1,0,0,0,0,0,1,0,0,1,0,1,0,0,1,1,0,1,1,11,3,0,4,3,1,0
GCF_1000185.1,0,1,1,0,0,0,1,0,0,0,0,0,0,0,0,0,0,0,0,0,0,0,1,4,1,1,3,0,0,0
GCF_1000186.1,0,1,1,0,0,0,0,0,0,0,0,0,0,1,0,1,0,0,1,0,1,0,1,7,0,0,4,2,1,0
GCF_1000187.1,0,1,1,1,0,0,0,0,0,0,1,0,0,0,0,0,0,1,0,0,0,1,0,6,2,0,2,0,1,1
GCF_1000188.1,0,1,1,1,1,0,0,0,0,0,1,0,0,0,1,0,1,0,1,0,0,1,1,10,3,0,4,1,1,1
GCF_1000189.1,0,1,1,0,0,0,0,1,0,0,0,0,0,1,1,1,0,0,1,0,1,1,1,10,1,1,5,2,2,0
GCF_1000190.1,1,1,1,1,1,0,0,0,0,1,1,0,1,1,0,0,1,0,1,1,1,1,1,15,4,0,3,4,2,1
GCF_1000191.1,1,1,1,0,0,0,0,0,0,0,1,0,0,1,0,0,1,0,0,0,0,1,1,8,1,0,3,1,1,1
GCF_1000192.1,0,1,1,1,0,0,0,0,0,0,0,0,1,0,0,0,0,0,0,0,0,1,1,6,1,0,3,1,1,0
GCF_1000193.1,0,1,1,0,0,0,0,0,0,0,1,0,0,1,0,0,0,1,0,0,0,0,1,6,1,0,3,1,0,1
GCF_1000194.1,0,1,1,1,0,0,0,1,0,1,1,1,1,0,0,1,1,1,1,1,1,1,1,16,5,2,4,3,2,2
GCF_1000195.1,1,1,1,0,0,0,0,0,0,0,0,0,1,1,0,1,0,0,1,0,1,1,1,10,0,0,4,3,2,0
GCF_1000196.1,0,1,0,1,0,0,0,0,0,0,0,0,0,0,1,0,0,0,1,0,0,1,1,6,1,0,3,1,1,0
GCF_1000197.1,0,1,0,1,1,1,0,0,0,0,1,0,0,1,1,0,0,0,0,0,0,0,1,8,4,1,3,1,0,0
GCF_1000198.1,0,1,1,0,0,0,0,0,1,0,1,0,0,0,1,0,0,0,0,0,0,0,1,6,2,0,4,0,0,0
GCF_1000199.1,0,1,1,1,0,0,0,0,0,1,1,0,0,1,0,0,0,0,0,0,0,0,1,7,3,0,3,1,0,0
GCF_1000200.1,0,1,1,1,0,0,0,0,0,0,1,0,0,1,0,1,0,0,0,0,0,0,1,7,2,0,4,1,0,0
GCF_1000201.1,1,1,1,1,1,0,0,1,0,0,1,0,0,1,0,0,0,0,1,1,0,1,1,12,4,1,3,3,1,0
GCF_1000202.1,1,1,1,1,1,0,0,0,0,0,1,0,1,1,0,0,0,0,0,1,0,1,1,11,3,0,3,3,1,0
GCF_1000203.1,0,1,1,1,0,0,1,0,0,0,1,1,0,0,1,0,1,1,0,0,0,1,0,10,4,2,3,0,1,2
GCF_1000204.1,1,1,1,0,0,0,0,0,1,0,0,0,0,0,0,0,0,0,0,0,0,0,1,5,1,0,3,0,0,0
GCF_1000205.1,1,0,1,0,0,0,0,0,0,1,1,0,1,1,0,0,0,1,0,1,1,0,1,10,2,0,2,3,1,1
GCF_1000206.1,1,1,1,0,1,0,0,0,1,0,1,0,1,1,0,0,0,0,1,1,0,1,1,12,3,0,3,4,1,0
GCF_1000207.1,1,1,1,1,0,1,0,0,1,0,0,0,0,0,0,0,0,0,0,0,0,0,1,7,3,1,3,0,0,0
GCF_1000208.1,1,1,1,1,1,0,0,0,0,1,0,0,1,1,0,1,1,0,0,0,1,1,1,13,3,0,4,2,2,1
GCF_1000209.1,1,1,1,0,0,0,0,0,0,0,0,0,1,0,1,0,0,0,0,1,1,0,1,8,0,0,4,2,1,0
GCF_1000210.1,0,1,1,0,1,0,0,1,0,0,0,0,0,0,0,0,0,0,0,0,1,0,0,5,2,1,2,0,1,0
GCF_1000211.1,0,1,1,0,0,0,0,0,1,0,0,0,0,0,1,0,0,0,1,0,0,0,1,6,1,0,4,1,0,0
GCF_1000212.1,0,1,1,1,1,0,1,0,0,1,1,1,0,0,1,1,1,0,0,0,0,0,1,12,6,2,5,0,0,1
GCF_1000213.1,1,1,1,0,1,0,0,0,0,0,0,0,1,0,0,0,0,0,1,1,0,1,1,9,1,0,3,3,1,0
GCF_1000214.1,0,1,1,0,0,0,0,0,0,0,0,0,0,0,1,0,0,0,1,0,0,0,1,5,0,0,4,1,0,0
GCF_1000215.1,1,1,1,1,1,0,0,0,0,0,1,0,1,0,0,0,0,0,0,0,1,0,1,9,3,0,3,1,1,0
GCF_1000216.1,1,1,1,1,1,0,0,0,0,1,1,0,1,0,0,0,0,0,1,0,0,1,1,11,4,0,3,2,1,0
GCF_1000217.1,0,1,1,0,0,0,0,0,0,0,0,0,0,0,0,0,0,0,0,1,0,0,1,4,0,0,3,1,0,0
GCF_1000218.1,0,1,1,0,0,0,0,1,0,0,0,0,0,1,1,0,0,0,1,0,0,0,1,7,1,1,4,2,0,0
GCF_1000219.1,0,1,1,1,0,0,1,1,0,0,1,0,0,0,0,0,1,1,0,0,0,0,1,9,4,2,3,0,0,2
GCF_1000220.1,0,1,1,0,0,0,0,0,1,0,1,0,0,0,1,0,0,0,0,0,1,0,1,7,2,0,4,0,1,0
GCF_1000221.1,1,1,1,1,1,0,0,0,0,1,1,0,1,1,1,1,0,1,0,0,0,1,1,14,4,0,5,2,1,1
GCF_1000222.1,1,1,1,1,1,0,0,1,0,0,0,1,1,1,1,0,1,1,0,0,0,0,1,13,4,2,4,2,0,2
GCF_1000223.1,1,1,1,0,1,0,0,0,0,0,0,0,0,0,1,1,0,0,0,1,0,1,1,9,1,0,5,1,1,0
GCF_1000224.1,1,1,1,1,0,0,1,0,1,1,1,1,0,0,1,0,0,1,1,1,0,1,1,15,6,2,4,2,1,1
GCF_1000225.1,0,0,1,0,0,0,0,0,0,0,1,0,0,0,0,1,0,0,1,1,1,0,1,7,1,0,3,2,1,0
GCF_1000226.1,0,1,1,1,0,0,0,0,0,0,1,0,0,0,1,0,0,0,0,0,0,0,1,6,2,0,4,0,0,0
GCF_1000227.1,0,1,0,0,0,0,0,0,0,0,1,1,1,1,0,0,1,0,1,0,0,1,1,9,2,1,2,3,1,1
GCF_1000228.1,0,1,1,0,0,0,1,0,1,0,0,0,0,0,0,0,0,0,0,0,0,0,0,4,2,1,2,0,0,0
GCF_1000229.1,0,1,0,0,0,0,0,0,0,0,0,0,0,0,1,0,0,0,0,0,0,0,1,3,0,0,3,0,0,0
GCF_1000230.1,0,1,1,1,0,0,0,0,1,0,0,0,1,1,0,0,0,0,1,1,0,0,1,9,2,0,3,4,0,0
GCF_1000231.1,0,1,1,1,1,0,1,1,0,0,1,1,0,0,0,0,1,1,0,0,0,0,1,11,6,3,3,0,0,2
GCF_1000232.1,1,1,1,1,0,0,0,0,0,1,1,0,0,0,0,0,0,0,0,1,0,0,1,8,3,0,3,1,0,0
GCF_1000233.1,0,1,1,1,1,0,0,0,0,1,1,0,0,0,1,0,0,0,0,0,0,0,1,8,4,0,4,0,0,0
GCF_1000234.1,1,1,0,0,1,0,0,0,0,0,0,0,1,1,1,0,0,0,1,1,0,1,0,9,1,0,2,4,1,0
GCF_1000235.1,0,1,1,0,1,0,0,0,1,0,0,0,0,0,0,1,0,0,0,0,0,0,1,6,2,0,4,0,0,0
GCF_1000236.1,1,1,1,0,1,0,0,0,0,1,0,0,0,1,1,0,0,1,1,1,1,0,1,12,2,0,4,3,1,1
GCF_1000237.1,1,1,1,1,0,0,1,1,0,1,0,1,1,1,1,0,0,0,1,0,1,1,1,15,5,3,4,3,2,0
GCF_1000238.1,0,1,1,0,0,0,1,0,0,0,1,0,0,1,1,0,0,1,0,0,0,0,1,8,2,1,4,1,0,1
GCF_1000239.1,1,1,1,1,1,0,0,1,0,1,1,0,1,0,1,0,1,0,1,1,1,1,1,16,5,1,4,3,2,1
GCF_1000240.1,0,1,1,1,0,0,0,0,0,0,1,0,0,0,0,0,0,0,0,0,1,0,1,6,2,0,3,0,1,0
GCF_1000241.1,1,0,1,0,0,0,0,1,0,0,1,0,0,0,0,1,1,0,1,1,0,1,1,10,2,1,3,2,1,1
GCF_1000242.1,0,1,1,0,0,0,0,0,1,0,0,1,0,0,0,0,0,0,0,0,1,0,1,6,2,1,3,0,1,0
GCF_1000243.1,0,1,1,1,0,0,0,0,0,0,1,0,1,0,1,0,0,0,0,1,0,0,1,8,2,0,4,2,0,0
GCF_1000244.1,1,1,1,0,1,0,1,0,0,0,1,0,1,0,1,1,1,0,1,0,1,0,1,13,3,1,5,2,1,1
GCF_1000245.1,0,1,1,1,0,0,0,0,0,0,1,0,0,1,0,0,0,0,0,1,0,1,1,8,2,0,3,2,1,0
GCF_1000246.1,0,1,1,1,1,0,0,1,0,1,1,0,0,0,1,1,1,0,1,1,0,0,1,13,5,1,5,2,0,1
GCF_1000247.1,0,1,1,1,1,0,0,0,0,1,1,0,0,0,0,0,0,0,1,0,0,0,1,8,4,0,3,1,0,0
GCF_1000248.1,1,1,1,0,0,0,0,0,0,0,0,0,0,0,0,1,0,0,0,1,0,0,1,6,0,0,4,1,0,0
GCF_1000249.1,0,1,1,1,0,0,1,0,0,0,0,0,1,1,0,0,1,0,0,0,0,0,0,7,2,1,2,2,0,1
GCF_1000250.1,1,1,0,0,0,0,0,1,0,0,0,0,0,1,0,0,1,1,1,0,1,0,1,9,1,1,2,2,1,2
GCF_1000251.1,1,1,0,1,0,0,0,0,0,0,0,0,1,0,0,0,0,0,1,0,0,1,0,6,1,0,1,2,1,0
GCF_1000252.1,0,1,1,0,1,0,0,0,1,1,1,0,0,1,0,0,0,0,0,0,0,0,1,8,4,0,3,1,0,0
GCF_1000253.1,1,1,1,0,1,0,0,0,0,1,1,0,0,1,0,1,0,0,1,0,1,0,1,11,3,0,4,2,1,0
GCF_1000254.1,1,1,1,0,1,1,0,0,0,0,0,0,1,1,0,0,0,1,0,1,0,1,1,11,2,1,3,3,1,1
GCF_1000255.1,0,0,1,0,0,0,0,0,0,0,0,0,0,0,0,0,0,0,0,0,0,0,1,2,0,0,2,0,0,0
GCF_1000256.1,0,1,1,1,0,0,0,0,0,0,1,0,0,0,1,0,0,1,0,0,0,0,1,7,2,0,4,0,0,1
GCF_1000257.1,0,1,1,1,0,0,0,0,1,0,1,0,0,0,1,0,0,0,0,0,0,1,1,8,3,0,4,0,1,0
GCF_1000258.1,0,1,1,1,1,0,0,1,0,0,1,0,0,0,0,0,0,0,0,0,0,0,1,7,4,1,3,0,0,0
GCF_1000259.1,0,0,1,0,0,0,0,0,0,1,0,0,0,1,0,0,0,0,0,1,1,0,1,6,1,0,2,2,1,0
GCF_1000260.1,0,1,1,1,0,0,0,0,0,1,0,0,1,0,1,0,0,0,0,1,1,0,1,9,2,0,4,2,1,0
GCF_1000261.1,0,1,1,0,0,0,0,0,0,0,0,0,1,0,1,0,0,1,0,0,0,1,1,7,0,0,4,1,1,1
GCF_1000262.1,0,1,1,0,1,0,0,0,0,0,1,0,1,0,0,0,0,0,1,1,1,0,1,9,2,0,3,3,1,0
GCF_1000263.1,0,1,1,0,0,0,0,0,0,0,0,0,0,0,0,0,0,0,0,0,0,0,1,3,0,0,3,0,0,0
GCF_1000264.1,0,1,1,1,1,0,0,0,0,1,1,0,0,1,0,1,1,0,0,1,0,0,1,11,4,0,4,2,0,1
GCF_1000265.1,0,1,1,1,0,0,0,0,1,1,1,0,1,0,0,0,0,0,0,0,0,0,1,8,4,0,3,1,0,0
GCF_1000266.1,0,1,0,1,0,0,0,0,0,0,0,0,0,1,0,0,1,1,1,1,0,1,1,9,1,0,2,3,1,2
GCF_1000267.1,0,1,1,1,0,0,1,0,0,0,0,1,1,0,1,0,0,0,0,0,0,0,1,8,3,2,4,1,0,0
GCF_1000268.1,1,1,0,0,1,0,0,0,0,0,0,0,0,1,0,0,0,0,1,0,1,1,1,8,1,0,2,2,2,0
GCF_1000269.1,0,0,1,1,1,0,1,0,0,0,1,0,1,1,0,1,1,0,1,0,0,0,1,11,4,1,3,3,0,1
GCF_1000270.1,1,1,1,0,0,0,1,1,0,0,1,1,1,0,0,0,0,1,0,0,0,0,1,10,4,3,3,1,0,1
GCF_1000271.1,0,1,1,0,1,0,0,0,0,0,0,0,0,1,0,0,0,1,0,0,0,0,1,6,1,0,3,1,0,1
GCF_1000272.1,1,1,1,1,0,0,0,0,0,0,0,0,0,0,1,0,0,1,0,0,0,0,1,7,1,0,4,0,0,1
GCF_1000273.1,0,1,1,1,1,0,0,0,0,1,1,0,0,1,0,0,0,0,0,0,0,0,1,8,4,0,3,1,0,0
GCF_1000274.1,0,1,1,1,0,0,0,0,0,0,0,0,0,0,1,1,1,0,0,0,0,0,1,7,1,0,5,0,0,1
GCF_1000275.1,0,1,1,1,1,0,0,0,0,0,1,0,0,1,1,0,0,0,0,0,1,1,1,10,3,0,4,1,2,0
GCF_1000276.1,0,1,1,1,1,0,1,0,0,0,0,0,0,0,0,0,0,0,1,0,0,1,1,8,3,1,3,1,1,0
GCF_1000277.1,0,1,1,1,0,0,0,0,0,0,0,0,0,0,0,0,0,0,0,0,0,1,1,5,1,0,3,0,1,0
GCF_1000278.1,0,1,1,0,1,0,0,0,0,1,0,0,0,0,0,0,0,1,0,0,0,0,1,6,2,0,3,0,0,1
GCF_1000279.1,0,1,1,1,1,0,0,0,0,0,0,0,0,0,1,0,0,1,0,0,1,0,1,8,2,0,4,0,1,1
GCF_1000280.1,0,1,1,0,1,0,0,0,0,0,0,0,1,1,0,0,0,0,0,1,0,0,1,7,1,0,3,3,0,0
GCF_1000281.1,0,1,1,0,0,0,0,0,0,0,0,0,0,1,1,0,0,0,1,1,0,1,1,8,0,0,4,3,1,0
GCF_1000282.1,1,1,1,1,0,0,0,0,1,0,1,0,1,0,0,0,1,0,1,0,1,0,1,11,3,0,3,2,1,1
GCF_1000283.1,1,1,1,1,0,0,1,0,0,1,1,1,1,1,0,0,1,0,0,0,1,0,1,13,5,2,3,2,1,1
GCF_1000284.1,0,1,1,1,1,0,1,1,0,0,1,0,1,0,1,0,1,1,1,0,0,0,1,13,5,2,4,2,0,2
GCF_1000285.1,1,1,1,0,0,0,0,0,0,0,1,0,1,1,0,0,1,1,1,0,1,0,1,11,1,0,3,3,1,2
GCF_1000286.1,0,1,1,1,1,0,0,0,1,1,1,0,0,0,0,0,0,0,0,0,1,0,0,8,5,0,2,0,1,0
GCF_1000287.1,0,1,1,1,0,0,1,0,0,0,0,0,0,0,0,0,0,0,0,0,0,1,1,6,2,1,3,0,1,0
GCF_1000288.1,1,1,1,1,1,0,0,0,0,0,1,0,1,0,0,0,0,0,0,0,0,1,1,9,3,0,3,1,1,0
GCF_1000289.1,1,1,1,1,1,0,1,0,0,1,1,0,0,0,1,1,0,0,0,1,0,0,1,12,5,1,5,1,0,0
GCF_1000290.1,1,1,1,1,1,1,0,0,0,0,1,0,0,1,1,0,0,0,1,1,0,1,1,13,4,1,4,3,1,0
GCF_1000291.1,1,1,1,1,0,0,0,0,0,1,1,0,1,0,0,0,1,0,0,0,0,1,1,10,3,0,3,1,1,1
GCF_1000292.1,0,1,1,1,0,0,0,0,1,0,0,0,0,1,1,1,0,0,0,0,1,0,0,8,2,0,4,1,1,0
GCF_1000293.1,0,1,0,1,1,1,0,0,0,0,0,0,1,0,1,1,0,0,1,0,0,0,1,9,3,1,4,2,0,0
GCF_1000294.1,0,1,1,1,1,0,1,1,0,0,1,0,1,1,1,0,1,0,0,0,1,0,1,13,5,2,4,2,1,1
GCF_1000295.1,0,1,1,0,1,0,1,1,0,1,1,1,0,0,0,0,1,1,0,0,0,0,1,11,6,3,3,0,0,2
GCF_1000296.1,0,1,1,1,1,0,0,0,0,0,1,0,0,0,0,0,0,0,0,1,0,1,1,8,3,0,3,1,1,0
GCF_1000297.1,1,1,1,1,0,0,1,0,0,1,1,1,1,1,0,0,1,1,0,0,1,1,0,14,5,2,2,2,2,2
GCF_1000298.1,1,1,1,0,0,0,1,1,1,0,0,0,0,1,0,1,1,1,0,0,0,0,1,11,3,2,4,1,0,2
GCF_1000299.1,1,1,1,1,0,0,0,0,0,0,0,0,0,1,1,0,0,0,1,0,1,1,1,10,1,0,4,2,2,0
GCF_1000300.1,1,1,1,0,0,0,0,0,0,1,1,0,1,1,1,1,0,0,1,0,1,1,0,12,2,0,4,3,2,0
GCF_1000301.1,0,1,1,0,1,0,0,0,0,0,1,0,0,0,0,0,0,0,1,0,0,0,1,6,2,0,3,1,0,0
GCF_1000302.1,0,1,1,1,0,0,0,0,0,1,1,0,0,1,1,0,0,0,0,1,0,0,1,9,3,0,4,2,0,0
GCF_1000303.1,0,1,1,1,0,0,0,0,0,1,0,0,1,0,0,1,0,0,0,1,0,0,1,8,2,0,4,2,0,0
GCF_1000304.1,0,1,1,0,1,1,0,0,0,0,0,0,1,1,1,0,0,0,0,0,0,0,1,8,2,1,4,2,0,0
GCF_1000305.1,0,1,1,1,0,0,0,0,0,0,0,0,0,0,1,0,0,0,1,0,0,0,1,6,1,0,4,1,0,0
GCF_1000306.1,0,1,1,0,0,0,0,1,1,0,0,0,0,0,0,0,1,1,0,0,0,0,0,6,2,1,2,0,0,2
GCF_1000307.1,1,1,1,0,1,0,1,0,0,0,1,0,1,1,0,0,0,0,0,1,1,1,1,12,3,1,3,3,2,0
GCF_1000308.1,1,0,1,0,0,0,0,1,1,0,0,1,1,0,1,1,1,1,0,0,1,0,1,12,3,2,4,1,1,2
GCF_1000309.1,1,1,1,0,0,0,0,0,0,1,0,0,0,1,1,0,0,0,1,0,1,0,1,9,1,0,4,2,1,0
GCF_1000310.1,0,1,1,1,1,0,0,0,1,0,1,0,0,1,1,0,0,0,0,1,0,0,1,10,4,0,4,2,0,0
GCF_1000311.1,1,1,1,0,0,0,1,0,0,0,0,0,1,0,1,0,0,0,0,1,1,1,1,10,1,1,4,2,2,0
GCF_1000312.1,0,1,1,0,0,0,0,0,0,0,0,0,0,0,0,0,0,0,1,1,1,1,1,7,0,0,3,2,2,0
GCF_1000313.1,1,1,0,0,0,0,0,0,0,0,1,0,0,0,0,1,0,0,1,0,0,1,0,6,1,0,2,1,1,0
GCF_1000314.1,0,1,0,0,1,0,0,0,0,1,0,0,0,1,0,0,0,0,0,0,0,0,1,5,2,0,2,1,0,0
GCF_1000315.1,0,1,1,1,0,0,1,0,0,0,1,1,0,1,1,0,0,1,0,0,0,0,1,10,4,2,4,1,0,1
GCF_1000316.1,1,1,1,0,0,0,0,1,1,0,0,0,1,1,0,0,0,0,1,0,1,0,0,9,2,1,2,3,1,0
GCF_1000317.1,1,1,0,1,0,0,0,1,1,0,1,0,1,1,1,0,0,0,1,1,1,0,1,13,4,1,3,4,1,0
GCF_1000318.1,1,0,1,1,1,0,0,0,0,1,1,0,0,1,1,1,0,0,1,0,0,1,1,12,4,0,4,2,1,0
GCF_1000319.1,1,1,0,1,1,0,0,0,0,1,1,0,1,1,1,0,0,0,1,0,0,1,0,11,4,0,2,3,1,0
GCF_1000320.1,0,1,1,1,1,0,0,0,0,0,1,0,0,0,1,0,0,0,0,0,0,0,1,7,3,0,4,0,0,0
GCF_1000321.1,0,1,1,1,1,0,1,0,0,1,1,0,0,0,1,1,1,0,0,1,0,0,1,12,5,1,5,1,0,1
GCF_1000322.1,0,1,1,1,0,0,0,0,0,0,0,0,0,0,1,0,0,0,1,0,0,0,1,6,1,0,4,1,0,0
GCF_1000323.1,0,1,1,1,1,0,1,0,0,1,1,0,1,1,0,0,0,0,1,1,1,1,1,14,5,1,3,4,2,0
GCF_1000324.1,0,1,1,0,0,0,0,0,0,0,1,0,0,1,0,0,0,0,0,0,0,0,1,5,1,0,3,1,0,0
GCF_1000325.1,1,1,1,0,0,0,0,0,0,0,0,0,0,0,1,0,0,0,1,0,0,0,1,6,0,0,4,1,0,0
GCF_1000326.1,0,1,1,0,1,0,0,0,0,0,0,1,0,1,1,0,0,0,0,0,0,0,1,7,2,1,4,1,0,0
GCF_1000327.1,0,1,1,1,0,0,1,0,1,0,0,0,0,0,0,0,1,1,0,0,0,0,1,8,3,1,3,0,0,2
GCF_1000328.1,0,1,1,0,0,0,0,0,0,0,0,0,1,1,0,0,0,0,0,1,0,0,1,6,0,0,3,3,0,0
GCF_1000329.1,0,1,1,0,1,1,0,0,0,0,1,1,0,1,0,1,1,1,1,1,1,1,1,15,4,2,4,3,2,2
GCF_1000330.1,1,1,1,1,0,0,0,0,0,0,1,0,0,1,1,0,0,0,0,0,0,1,1,9,2,0,4,1,1,0
GCF_1000331.1,0,1,1,0,0,0,0,0,0,0,0,1,0,0,0,1,1,0,0,0,0,0,0,5,1,1,3,0,0,1
GCF_1000332.1,1,1,1,1,1,0,0,0,0,1,1,0,1,1,0,0,0,1,1,1,1,1,1,15,4,0,3,4,2,1
GCF_1000333.1,1,0,1,0,0,0,0,0,0,0,0,0,1,1,0,0,0,0,1,0,1,1,1,8,0,0,2,3,2,0
GCF_1000334.1,1,0,1,0,1,0,0,0,0,0,0,1,1,1,1,1,1,1,1,0,1,0,1,13,2,1,4,3,1,2
GCF_1000335.1,1,1,0,1,0,0,0,0,1,0,1,0,1,1,1,0,1,0,0,1,1,0,1,12,3,0,3,3,1,1
GCF_1000336.1,1,1,1,1,0,0,0,0,0,0,1,0,0,0,0,1,0,0,0,0,0,1,1,8,2,0,4,0,1,0
GCF_1000337.1,0,1,1,0,1,0,0,0,0,1,0,0,1,0,1,0,1,0,0,0,0,0,1,8,2,0,4,1,0,1
GCF_1000338.1,0,1,1,1,0,0,1,0,1,0,1,1,1,0,1,0,1,1,0,0,0,0,1,12,5,2,4,1,0,2
GCF_1000339.1,1,1,1,1,1,0,1,0,0,0,1,0,1,1,0,0,0,0,1,1,0,1,0,12,4,1,2,4,1,0
GCF_1000340.1,0,1,1,1,0,0,0,0,1,1,1,0,0,0,0,1,0,0,0,0,0,0,1,8,4,0,4,0,0,0
GCF_1000341.1,1,1,1,0,0,0,1,1,0,0,1,1,0,0,1,0,1,1,0,0,0,0,1,11,4,3,4,0,0,2
GCF_1000342.1,0,1,1,0,0,0,0,1,0,0,0,1,1,1,0,0,0,1,1,1,1,0,1,11,2,2,3,4,1,1
GCF_1000343.1,0,1,1,0,0,0,0,0,0,0,0,0,1,1,0,0,0,0,0,0,0,0,1,5,0,0,3,2,0,0
GCF_1000344.1,1,1,1,1,0,0,0,0,0,0,0,0,1,1,1,0,0,0,1,1,1,0,1,11,1,0,4,4,1,0
GCF_1000345.1,0,1,1,0,1,0,0,0,0,0,0,0,0,1,0,0,0,1,0,0,0,0,1,6,1,0,3,1,0,1
GCF_1000346.1,0,0,1,0,0,0,0,0,1,0,1,0,1,1,0,1,0,0,0,0,0,0,1,7,2,0,3,2,0,0
GCF_1000347.1,1,1,1,1,0,0,0,0,0,1,1,0,1,1,1,0,0,0,1,1,0,0,1,12,3,0,4,4,0,0
GCF_1000348.1,0,1,1,0,0,0,0,0,0,0,0,0,1,0,0,0,0,0,0,1,1,0,1,6,0,0,3,2,1,0
GCF_1000349.1,1,1,1,1,1,0,0,0,0,0,1,1,0,1,0,1,1,0,0,0,0,0,1,11,4,1,4,1,0,1
GCF_1000350.1,0,1,1,1,0,1,0,0,0,0,1,0,1,1,0,0,0,0,0,0,0,0,1,8,3,1,3,2,0,0
GCF_1000351.1,0,1,1,0,1,0,0,0,0,0,1,0,0,0,0,0,0,0,0,0,0,0,0,4,2,0,2,0,0,0
GCF_1000352.1,0,1,1,0,0,0,0,0,0,0,1,0,1,1,1,1,0,0,0,0,0,0,1,8,1,0,5,2,0,0
GCF_1000353.1,1,0,1,0,0,0,0,0,0,0,1,0,1,1,1,0,0,1,1,1,1,0,1,11,1,0,3,4,1,1
GCF_1000354.1,1,0,1,0,0,0,0,0,0,1,1,0,1,1,0,0,0,0,0,1,0,1,1,9,2,0,2,3,1,0
GCF_1000355.1,0,0,1,1,0,1,0,1,0,0,0,1,1,0,1,0,1,1,0,0,0,0,1,10,4,3,3,1,0,2
GCF_1000356.1,1,1,1,1,0,0,0,0,0,0,1,0,1,1,1,1,0,0,0,1,1,1,1,13,2,0,5,3,2,0
GCF_1000357.1,0,1,1,1,0,0,0,1,0,0,1,0,1,0,0,0,1,1,0,0,0,0,1,9,3,1,3,1,0,2
GCF_1000358.1,0,1,1,0,1,0,0,0,0,1,0,0,0,1,0,0,0,0,0,0,0,0,1,6,2,0,3,1,0,0
GCF_1000359.1,1,1,1,0,1,0,0,1,0,0,0,1,0,0,0,1,1,1,0,1,0,0,1,11,3,2,4,1,0,2
GCF_1000360.1,1,1,1,0,1,0,1,1,0,0,1,0,0,1,1,0,0,0,0,1,0,0,1,11,4,2,4,2,0,0
GCF_1000361.1,0,1,1,1,1,0,0,0,1,0,1,0,1,1,1,0,0,0,1,0,0,0,1,11,4,0,4,3,0,0
GCF_1000362.1,0,0,1,0,0,0,0,0,0,0,0,0,0,1,1,0,0,0,0,0,0,0,1,4,0,0,3,1,0,0
GCF_1000363.1,0,1,1,0,0,0,0,0,1,0,1,0,0,0,1,0,0,0,1,0,0,0,1,7,2,0,4,1,0,0
GCF_1000364.1,0,1,1,0,0,0,0,0,0,0,0,0,0,0,0,0,1,0,0,0,0,0,0,3,0,0,2,0,0,1
GCF_1000365.1,0,1,1,1,1,0,1,1,0,1,1,1,0,0,0,0,1,0,1,0,0,0,1,12,7,3,3,1,0,1
GCF_1000366.1,1,1,1,1,1,0,1,0,0,0,1,1,1,0,0,0,1,0,0,0,1,0,1,12,5,2,3,1,1,1
GCF_1000367.1,0,1,0,0,0,0,0,0,0,0,1,0,0,1,1,0,0,0,0,0,0,0,0,4,1,0,2,1,0,0
GCF_1000368.1,1,0,0,1,1,0,0,0,0,0,1,0,1,0,0,1,0,1,1,1,1,1,1,12,3,0,2,3,2,1
GCF_1000369.1,0,1,1,1,0,0,0,0,0,1,1,0,1,1,0,0,0,0,1,0,1,1,1,11,3,0,3,3,2,0
GCF_1000370.1,0,1,1,0,0,1,0,0,0,0,0,0,1,1,1,0,0,0,1,0,1,1,0,9,1,1,3,3,2,0
GCF_1000371.1,0,1,1,1,1,0,0,0,0,0,1,0,1,1,0,0,0,1,1,1,1,0,1,12,3,0,3,4,1,1
GCF_1000372.1,1,1,1,0,0,0,0,0,0,0,0,0,1,1,1,0,0,0,0,0,0,1,1,8,0,0,4,2,1,0
GCF_1000373.1,0,1,1,0,0,0,1,0,0,0,0,0,0,1,0,0,0,0,0,0,0,0,1,5,1,1,3,1,0,0
GCF_1000374.1,1,0,1,1,1,0,0,0,0,0,1,0,1,0,0,1,0,1,1,1,1,0,1,12,3,0,3,3,1,1
GCF_1000375.1,1,1,1,0,0,0,0,0,0,0,1,0,1,1,0,1,1,0,0,1,0,0,1,10,1,0,4,3,0,1
GCF_1000376.1,0,1,1,0,0,0,0,0,0,0,0,1,0,0,0,0,0,0,1,0,0,0,1,5,1,1,3,1,0,0
GCF_1000377.1,0,1,1,1,1,0,0,0,1,0,1,0,1,1,1,1,0,1,1,1,1,1,1,16,4,0,5,4,2,1
GCF_1000378.1,0,1,1,0,0,0,0,0,0,0,0,0,0,0,0,0,0,0,0,0,0,0,0,2,0,0,2,0,0,0
GCF_1000379.1,1,0,1,0,0,0,0,0,0,0,0,0,0,1,1,0,0,0,1,1,1,0,1,8,0,0,3,3,1,0
GCF_1000380.1,1,1,1,1,1,0,0,0,1,0,1,0,1,1,0,0,0,0,1,1,1,1,1,14,4,0,3,4,2,0
GCF_1000381.1,1,1,1,0,0,0,0,0,0,0,1,0,1,0,0,0,0,0,0,0,0,0,1,6,1,0,3,1,0,0
GCF_1000382.1,1,1,1,0,0,0,0,0,0,0,0,0,0,0,0,1,0,0,1,0,1,0,1,7,0,0,4,1,1,0
GCF_1000383.1,0,1,1,1,1,0,0,0,0,1,1,0,0,1,1,0,0,0,0,0,0,0,1,9,4,0,4,1,0,0
GCF_1000384.1,0,0,1,0,0,0,1,0,0,0,1,0,0,0,0,0,1,0,0,1,0,0,1,6,2,1,2,1,0,1
GCF_1000385.1,0,1,0,1,0,0,0,0,1,0,0,0,0,1,1,0,0,0,1,0,0,0,1,7,2,0,3,2,0,0
GCF_1000386.1,0,1,1,1,0,0,0,0,0,0,0,0,1,1,0,0,0,1,1,1,1,1,1,11,1,0,3,4,2,1
GCF_1000387.1,1,1,1,0,0,0,0,0,0,0,1,0,0,0,0,0,0,0,0,1,0,0,1,6,1,0,3,1,0,0
GCF_1000388.1,0,1,0,0,1,0,0,0,0,0,1,0,0,1,0,0,0,0,0,0,0,0,1,5,2,0,2,1,0,0
GCF_1000389.1,0,1,1,0,0,0,0,0,0,0,1,0,0,0,0,1,0,1,0,0,1,0,1,7,1,0,4,0,1,1
GCF_1000390.1,0,1,1,1,1,0,0,0,0,0,1,1,0,1,1,0,0,0,0,1,0,0,1,10,4,1,4,2,0,0
GCF_1000391.1,0,1,1,1,1,0,0,1,0,1,0,0,1,1,1,1,1,0,0,1,1,0,1,14,4,1,5,3,1,1
GCF_1000392.1,0,1,1,1,1,0,0,0,0,1,1,0,0,1,0,0,0,0,1,0,0,1,1,10,4,0,3,2,1,0
GCF_1000393.1,1,1,1,0,0,0,1,1,0,0,0,1,1,1,0,0,0,0,0,0,0,0,1,9,3,3,3,2,0,0
GCF_1000394.1,1,1,1,1,0,0,0,0,0,1,1,0,1,1,0,0,0,0,1,1,1,1,1,13,3,0,3,4,2,0
GCF_1000395.1,1,1,1,1,0,0,0,0,0,0,0,0,0,1,1,0,0,0,0,0,0,0,1,7,1,0,4,1,0,0
GCF_1000396.1,0,1,1,0,0,0,0,0,0,0,0,0,0,1,0,1,0,0,0,0,0,0,1,5,0,0,4,1,0,0
GCF_1000397.1,1,1,1,0,1,0,1,0,0,1,1,1,0,0,1,0,1,1,1,0,0,0,1,13,5,2,4,1,0,2
GCF_1000398.1,0,1,1,0,0,0,0,0,0,0,0,0,1,1,1,1,0,0,0,0,0,0,1,7,0,0,5,2,0,0
GCF_1000399.1,0,1,1,0,0,0,0,0,0,1,0,1,0,0,0,0,0,0,1,0,0,0,0,5,2,1,2,1,0,0
GCF_1000400.1,1,1,1,0,0,0,1,0,0,0,1,1,1,0,0,0,0,0,1,1,1,0,1,11,3,2,3,3,1,0
GCF_1000401.1,0,1,1,1,1,0,1,1,0,1,1,1,0,1,0,0,1,0,0,0,0,0,1,12,7,3,3,1,0,1
GCF_1000402.1,0,1,1,1,0,0,0,0,0,1,1,0,0,0,1,1,0,0,1,0,0,1,1,10,3,0,5,1,1,0
GCF_1000403.1,0,1,1,0,0,0,0,0,1,1,1,0,0,1,0,0,0,0,0,0,0,0,1,7,3,0,3,1,0,0
GCF_1000404.1,0,1,1,0,0,0,0,0,0,0,1,0,1,1,1,0,0,0,0,0,0,0,1,7,1,0,4,2,0,0
GCF_1000405.1,0,1,1,0,0,0,0,0,0,0,0,0,0,1,0,0,0,0,0,0,0,0,1,4,0,0,3,1,0,0
GCF_1000406.1,1,1,1,0,0,0,0,0,0,0,0,0,0,1,0,0,0,1,0,0,0,0,1,6,0,0,3,1,0,1
GCF_1000407.1,0,1,1,1,0,0,0,1,0,0,0,1,1,0,0,0,0,0,1,1,1,1,1,11,3,2,3,3,2,0
GCF_1000408.1,0,1,1,1,0,1,1,0,0,0,0,0,0,0,0,1,0,0,0,0,0,0,1,7,3,2,4,0,0,0
GCF_1000409.1,1,1,1,0,1,0,0,0,0,0,0,0,1,1,0,0,0,0,1,1,0,0,1,9,1,0,3,4,0,0
GCF_1000410.1,0,1,1,1,1,0,0,0,0,1,1,0,1,0,0,1,0,0,1,1,1,1,1,13,4,0,4,3,2,0
GCF_1000411.1,0,1,1,0,1,0,0,0,0,1,1,0,0,1,0,0,1,1,0,0,0,0,1,9,3,0,3,1,0,2
GCF_1000412.1,0,1,1,1,0,0,0,0,0,1,0,0,0,0,0,0,0,0,0,1,0,1,1,7,2,0,3,1,1,0
GCF_1000413.1,0,1,1,1,1,0,1,1,0,1,1,0,0,1,1,0,1,1,0,0,0,0,1,13,6,2,4,1,0,2
GCF_1000414.1,0,1,1,0,1,0,0,0,0,0,0,0,0,0,0,0,0,1,1,0,1,0,1,7,1,0,3,1,1,1
GCF_1000415.1,0,1,1,1,0,0,0,0,0,0,0,0,1,1,0,0,0,1,1,0,1,0,1,9,1,0,3,3,1,1
GCF_1000416.1,1,1,1,1,1,0,0,0,0,1,1,0,0,1,0,0,0,0,1,1,1,1,1,13,4,0,3,3,2,0
GCF_1000417.1,1,1,1,1,1,0,1,0,1,0,1,0,0,1,0,1,1,1,1,1,1,1,1,17,5,1,4,3,2,2
GCF_1000418.1,0,1,1,0,0,0,0,0,0,0,1,1,0,0,1,0,0,1,0,0,0,0,1,7,2,1,4,0,0,1
GCF_1000419.1,1,1,0,0,0,0,0,0,0,0,1,0,0,1,0,0,0,0,1,0,0,0,1,6,1,0,2,2,0,0
GCF_1000420.1,1,1,1,0,0,0,0,1,0,0,1,0,0,0,1,0,1,0,0,1,0,0,1,9,2,1,4,1,0,1
GCF_1000421.1,0,1,1,0,0,0,1,1,0,0,0,0,0,0,1,1,0,0,0,0,0,0,1,7,2,2,5,0,0,0
GCF_1000422.1,1,1,0,1,1,0,0,0,0,1,1,0,1,1,1,1,0,0,1,1,0,1,1,14,4,0,4,4,1,0
GCF_1000423.1,0,1,1,1,1,0,1,0,0,0,1,0,1,1,1,1,0,0,0,0,0,0,0,10,4,1,4,2,0,0
GCF_1000424.1,1,1,1,0,0,0,0,0,0,0,0,0,0,1,0,0,0,0,1,1,0,1,1,8,0,0,3,3,1,0
GCF_1000425.1,0,1,1,1,0,0,0,0,0,0,0,1,0,0,0,0,1,0,0,0,0,0,1,6,2,1,3,0,0,1
GCF_1000426.1,0,1,1,1,0,0,1,0,0,0,1,1,0,1,1,0,0,0,0,1,0,1,1,11,4,2,4,2,1,0
GCF_1000427.1,0,1,1,1,0,0,0,0,0,0,0,1,0,0,1,0,0,0,1,0,0,0,0,6,2,1,3,1,0,0
GCF_1000428.1,0,0,1,0,1,0,1,0,0,0,0,0,1,1,1,0,0,0,0,1,0,0,1,8,2,1,3,3,0,0
GCF_1000429.1,1,1,1,0,1,0,0,0,1,0,0,0,0,1,1,0,1,0,1,1,1,1,1,13,2,0,4,3,2,1
GCF_1000430.1,0,1,1,1,0,0,0,0,1,1,0,0,1,1,0,1,1,0,0,0,1,0,1,11,3,0,4,2,1,1
GCF_1000431.1,0,1,1,0,0,0,0,0,0,0,1,0,0,0,1,1,0,0,0,1,1,0,1,8,1,0,5,1,1,0
GCF_1000432.1,1,1,1,1,0,0,0,0,0,0,0,0,0,0,0,0,0,0,0,0,1,0,1,6,1,0,3,0,1,0
GCF_1000433.1,1,1,0,1,1,0,0,0,0,0,0,0,1,1,1,0,0,0,1,1,1,1,1,12,2,0,3,4,2,0
GCF_1000434.1,1,1,1,0,1,0,0,0,0,1,1,0,0,1,0,0,0,0,0,1,1,1,1,11,3,0,3,2,2,0
GCF_1000435.1,0,1,1,1,1,0,0,0,0,1,0,0,1,0,0,0,0,1,0,0,0,0,1,8,3,0,3,1,0,1
GCF_1000436.1,1,1,1,1,0,0,0,0,0,1,1,0,1,1,0,0,0,0,1,0,0,0,1,10,3,0,3,3,0,0
GCF_1000437.1,0,1,0,0,0,0,0,0,0,1,0,0,0,0,0,0,0,0,0,0,0,0,1,3,1,0,2,0,0,0
GCF_1000438.1,0,1,1,1,1,0,0,0,0,1,1,0,0,0,0,0,0,0,1,0,0,1,1,9,4,0,3,1,1,0
GCF_1000439.1,1,1,1,0,0,0,1,1,0,0,0,1,1,1,1,0,1,1,1,0,0,1,1,14,3,3,4,3,1,2
GCF_1000440.1,1,1,1,1,0,1,0,0,0,0,0,1,1,1,0,0,0,0,0,0,0,1,1,10,3,2,3,2,1,0
GCF_1000441.1,0,1,1,1,1,0,0,0,0,1,0,0,0,0,0,1,0,0,0,0,0,0,1,7,3,0,4,0,0,0
GCF_1000442.1,0,1,1,0,1,0,0,0,1,0,1,0,1,1,0,1,0,0,0,0,1,0,1,10,3,0,4,2,1,0
GCF_1000443.1,0,1,1,0,0,0,0,0,0,0,0,0,0,1,0,0,0,0,1,1,1,0,1,7,0,0,3,3,1,0
GCF_1000444.1,0,1,1,1,0,0,1,0,0,0,1,0,0,1,0,0,0,0,0,0,0,0,1,7,3,1,3,1,0,0
GCF_1000445.1,0,1,0,1,1,0,0,0,0,0,1,1,0,0,0,0,1,0,0,0,0,0,1,7,4,1,2,0,0,1
GCF_1000446.1,0,1,1,0,0,0,0,0,0,0,1,0,1,0,0,0,0,0,0,0,0,0,1,5,1,0,3,1,0,0
GCF_1000447.1,1,1,0,0,1,0,0,0,0,1,0,0,0,0,1,0,1,0,0,1,0,1,1,9,2,0,3,1,1,1
GCF_1000448.1,0,0,1,0,0,0,1,1,1,0,1,0,0,1,1,0,1,1,0,1,1,0,1,12,4,2,3,2,1,2
GCF_1000449.1,1,1,1,0,0,0,0,0,0,0,1,0,1,1,0,0,0,0,0,0,1,1,0,8,1,0,2,2,2,0
GCF_1000450.1,0,1,1,0,1,0,0,0,0,0,1,1,0,0,0,0,0,0,1,0,1,0,1,8,3,1,3,1,1,0
GCF_1000451.1,0,1,1,0,0,0,0,0,0,0,0,0,0,0,1,0,0,0,0,0,0,0,1,4,0,0,4,0,0,0
GCF_1000452.1,1,0,1,0,0,0,0,0,0,0,1,0,0,1,1,0,0,0,0,0,1,1,1,8,1,0,3,1,2,0
GCF_1000453.1,0,1,1,1,0,0,0,0,1,0,1,0,1,0,0,0,0,0,0,0,0,0,1,7,3,0,3,1,0,0
GCF_1000454.1,1,1,1,0,0,0,0,0,0,0,0,0,0,0,0,1,0,1,1,0,0,1,0,7,0,0,3,1,1,1
GCF_1000455.1,0,1,1,1,1,0,1,1,0,0,0,1,0,0,1,0,0,0,0,0,0,0,1,9,5,3,4,0,0,0
GCF_1000456.1,1,1,1,1,0,0,1,1,0,0,1,0,1,1,1,1,0,0,1,1,1,1,1,16,4,2,5,4,2,0
GCF_1000457.1,0,1,1,0,0,0,0,0,0,0,0,0,0,0,0,1,0,1,0,0,0,0,1,5,0,0,4,0,0,1
GCF_1000458.1,1,1,1,1,0,0,0,0,0,0,1,0,1,1,0,1,0,0,1,1,1,1,1,13,2,0,4,4,2,0
GCF_1000459.1,1,1,0,0,0,0,0,0,0,0,1,0,1,0,1,0,0,0,0,1,1,0,0,7,1,0,2,2,1,0
GCF_1000460.1,1,1,1,1,0,0,0,0,1,0,0,0,0,1,1,0,0,0,1,1,1,1,1,12,2,0,4,3,2,0
GCF_1000461.1,0,1,1,0,0,0,0,0,0,0,0,0,0,0,0,0,0,0,1,0,0,0,0,3,0,0,2,1,0,0
GCF_1000462.1,0,1,1,1,1,0,0,0,0,1,1,0,0,0,0,0,0,0,1,0,0,0,0,7,4,0,2,1,0,0
GCF_1000463.1,0,1,1,0,0,0,1,0,0,0,0,0,0,0,0,1,1,0,0,0,0,0,1,6,1,1,4,0,0,1
GCF_1000464.1,1,1,1,0,0,0,0,0,0,0,1,0,1,1,1,0,0,0,1,0,0,0,0,8,1,0,3,3,0,0
GCF_1000465.1,1,1,0,1,0,0,0,0,1,1,1,0,0,0,1,1,0,0,0,0,1,0,1,10,4,0,4,0,1,0
GCF_1000466.1,1,1,1,0,0,0,0,0,0,0,0,0,1,1,1,1,0,0,1,1,0,1,1,11,0,0,5,4,1,0
GCF_1000467.1,0,1,1,0,1,0,0,1,0,0,0,0,0,0,0,1,1,0,0,0,0,0,1,7,2,1,4,0,0,1
GCF_1000468.1,1,1,1,1,0,0,0,0,0,0,0,0,1,1,1,1,0,0,1,1,1,1,1,13,1,0,5,4,2,0
GCF_1000469.1,1,1,1,0,0,0,0,0,0,0,1,0,0,1,0,0,0,0,0,0,0,0,1,6,1,0,3,1,0,0
GCF_1000470.1,0,1,1,1,1,0,0,1,0,0,0,0,0,1,1,0,0,1,1,0,1,0,1,11,3,1,4,2,1,1
GCF_1000471.1,0,1,1,1,0,0,0,0,0,0,0,0,0,1,1,0,0,1,0,0,0,0,1,7,1,0,4,1,0,1
GCF_1000472.1,1,1,1,0,1,0,0,0,0,1,0,0,1,1,0,1,0,0,0,1,1,0,1,11,2,0,4,3,1,0
GCF_1000473.1,0,1,1,0,0,0,0,0,0,1,1,0,0,0,0,0,1,0,1,0,0,0,1,7,2,0,3,1,0,1
GCF_1000474.1,0,1,1,0,1,0,0,0,0,1,1,0,0,0,1,0,0,0,0,0,0,0,1,7,3,0,4,0,0,0
GCF_1000475.1,0,1,1,0,0,0,0,1,0,0,1,1,0,1,1,0,0,0,0,0,0,0,1,8,3,2,4,1,0,0
GCF_1000476.1,0,1,1,0,0,0,1,1,0,0,0,1,0,1,1,0,1,0,1,0,1,1,1,12,3,3,4,2,2,1
GCF_1000477.1,0,1,1,0,0,0,0,0,0,0,0,0,0,0,0,0,0,1,0,0,0,0,1,4,0,0,3,0,0,1
GCF_1000478.1,0,0,1,0,0,0,0,0,0,1,1,0,0,0,0,0,0,1,0,0,0,0,1,5,2,0,2,0,0,1
GCF_1000479.1,0,0,1,0,0,0,1,0,0,0,0,1,0,0,0,0,0,0,0,0,0,1,1,5,2,2,2,0,1,0
GCF_1000480.1,1,1,1,1,0,0,0,0,0,1,0,0,0,0,1,0,0,0,0,0,0,0,1,7,2,0,4,0,0,0
GCF_1000481.1,0,1,1,1,0,0,0,0,0,1,1,0,1,0,0,0,0,0,1,1,0,0,1,9,3,0,3,3,0,0
GCF_1000482.1,1,1,1,0,0,0,0,0,0,0,1,0,0,0,0,0,0,0,0,0,0,0,1,5,1,0,3,0,0,0
GCF_1000483.1,0,1,1,1,1,1,1,1,0,1,0,0,0,0,0,0,0,0,1,1,0,0,1,11,6,3,3,2,0,0
GCF_1000484.1,0,1,1,0,0,0,1,0,0,1,0,0,0,0,0,0,0,0,0,0,0,0,1,5,2,1,3,0,0,0
GCF_1000485.1,0,1,0,1,0,0,0,0,0,0,0,0,0,0,0,0,0,0,1,0,0,0,1,4,1,0,2,1,0,0
GCF_1000486.1,1,1,1,1,1,0,0,0,0,1,0,0,1,1,0,1,0,0,0,0,1,0,1,11,3,0,4,2,1,0
GCF_1000487.1,1,1,1,0,0,0,1,0,0,0,1,0,1,1,0,0,0,0,0,0,0,0,1,8,2,1,3,2,0,0
GCF_1000488.1,0,1,1,0,1,0,0,0,0,0,0,0,0,0,0,0,0,0,0,0,0,0,1,4,1,0,3,0,0,0
GCF_1000489.1,0,1,1,0,0,0,0,0,1,0,1,0,0,0,0,0,0,0,0,0,0,0,1,5,2,0,3,0,0,0
GCF_1000490.1,0,1,1,1,0,0,0,1,0,1,1,0,1,1,1,0,0,0,0,1,0,0,1,11,4,1,4,3,0,0
GCF_1000491.1,0,1,1,1,1,0,1,0,0,0,0,0,1,0,0,0,1,1,1,0,0,0,0,9,3,1,2,2,0,2
GCF_1000492.1,1,1,1,1,0,0,0,1,0,1,1,0,1,1,1,0,0,0,1,0,1,1,1,14,4,1,4,3,2,0
GCF_1000493.1,0,0,1,1,1,0,1,0,0,0,0,0,1,1,0,0,1,0,1,1,1,0,1,11,3,1,2,4,1,1
GCF_1000494.1,0,1,1,0,0,0,0,0,0,0,0,0,0,0,0,0,0,0,0,0,0,0,1,3,0,0,3,0,0,0
GCF_1000495.1,1,1,1,0,0,0,0,0,0,0,0,0,1,1,1,0,0,0,0,0,1,0,1,8,0,0,4,2,1,0
GCF_1000496.1,0,1,1,0,0,0,0,0,0,0,1,0,0,0,0,1,0,0,1,0,1,1,1,8,1,0,4,1,2,0
GCF_1000497.1,0,1,1,1,0,0,0,0,0,0,0,0,0,1,1,0,1,0,1,0,1,1,1,10,1,0,4,2,2,1
GCF_1000498.1,0,0,1,1,0,0,0,0,0,0,1,0,1,0,1,0,0,1,0,0,0,0,1,7,2,0,3,1,0,1
GCF_1000499.1,0,1,1,0,0,0,0,0,0,0,1,0,0,0,1,0,0,0,0,0,0,0,1,5,1,0,4,0,0,0
GCF_1000500.1,0,1,1,0,0,0,0,0,0,1,1,0,0,0,1,1,0,0,0,0,0,0,1,7,2,0,5,0,0,0
GCF_1000501.1,0,1,1,0,1,0,0,0,0,0,0,0,0,1,0,0,0,0,0,1,0,0,1,6,1,0,3,2,0,0
GCF_1000502.1,0,1,1,0,1,0,0,0,0,0,1,0,0,1,0,1,0,0,1,0,0,1,1,9,2,0,4,2,1,0
GCF_1000503.1,1,1,1,1,0,0,0,0,0,0,0,0,0,0,0,0,0,0,0,1,0,0,1,6,1,0,3,1,0,0
GCF_1000504.1,0,1,1,0,0,0,0,0,0,0,0,0,0,0,0,1,0,1,0,0,0,0,1,5,0,0,4,0,0,1
GCF_1000505.1,1,1,1,1,1,0,1,1,1,1,1,1,1,1,0,0,0,0,1,0,1,1,1,17,8,3,3,3,2,0
GCF_1000506.1,0,0,0,0,0,0,0,0,0,1,1,0,0,0,1,0,0,0,0,0,0,0,1,4,2,0,2,0,0,0
GCF_1000507.1,0,1,1,1,1,0,0,1,0,0,0,0,0,0,0,0,0,0,0,0,0,0,1,6,3,1,3,0,0,0
GCF_1000508.1,0,1,1,0,0,0,0,0,0,0,0,0,0,0,0,0,0,0,1,0,0,0,1,4,0,0,3,1,0,0
GCF_1000509.1,0,1,1,1,0,0,0,0,1,0,1,0,0,0,1,1,0,0,0,0,0,1,1,9,3,0,5,0,1,0
GCF_1000510.1,0,1,1,0,0,0,1,0,0,0,0,0,0,0,0,0,1,1,0,0,0,0,1,6,1,1,3,0,0,2
GCF_1000511.1,0,1,1,0,1,1,0,0,0,0,0,0,1,1,0,0,1,1,0,0,0,0,1,9,2,1,3,2,0,2
GCF_1000512.1,0,1,1,0,0,1,0,0,0,0,0,0,0,1,0,1,0,0,0,0,0,0,1,6,1,1,4,1,0,0
GCF_1000513.1,1,1,1,0,1,0,0,0,1,1,1,0,1,0,0,0,0,0,0,0,0,0,1,9,4,0,3,1,0,0
GCF_1000514.1,1,1,1,0,1,0,0,0,0,0,1,0,0,1,0,0,0,1,0,1,0,1,0,9,2,0,2,2,1,1
GCF_1000515.1,0,0,1,1,0,0,0,0,0,1,0,0,0,1,1,1,0,1,0,1,1,0,1,10,2,0,4,2,1,1
GCF_1000516.1,0,1,1,0,0,1,1,1,0,0,0,1,0,0,0,0,1,0,0,0,0,1,1,9,4,4,3,0,1,1
GCF_1000517.1,0,1,0,0,1,0,0,0,1,0,0,0,1,1,1,0,0,0,0,0,1,0,1,8,2,0,3,2,1,0
GCF_1000518.1,0,1,1,0,1,0,1,1,0,1,1,0,0,0,1,0,0,0,0,0,0,0,1,9,5,2,4,0,0,0
GCF_1000519.1,0,1,1,0,0,0,0,0,0,0,0,0,1,1,0,0,0,0,1,1,1,1,0,8,0,0,2,4,2,0
GCF_1000520.1,0,1,1,1,1,0,0,0,0,1,1,0,0,0,1,0,0,0,0,0,0,0,1,8,4,0,4,0,0,0
GCF_1000521.1,0,1,1,0,1,0,1,0,0,1,1,1,1,1,0,0,0,1,0,1,0,1,1,13,5,2,3,3,1,1
GCF_1000522.1,0,1,1,0,1,0,0,0,0,1,0,0,0,0,0,0,0,0,0,0,0,0,1,5,2,0,3,0,0,0
GCF_1000523.1,0,0,1,1,0,0,0,0,0,1,1,0,0,0,1,0,0,1,0,0,0,0,1,7,3,0,3,0,0,1
GCF_1000524.1,1,1,1,0,0,0,0,0,0,0,0,0,0,0,0,0,0,0,0,0,0,0,1,4,0,0,3,0,0,0
GCF_1000525.1,0,1,1,0,1,0,0,0,1,1,1,0,1,0,1,0,0,0,0,1,0,0,1,10,4,0,4,2,0,0
GCF_1000526.1,1,1,1,1,0,0,0,0,0,0,0,0,0,0,0,0,1,0,1,1,0,0,1,8,1,0,3,2,0,1
GCF_1000527.1,0,1,1,1,1,0,0,0,0,1,1,0,1,1,0,1,1,0,0,1,1,0,0,12,4,0,3,3,1,1
GCF_1000528.1,1,1,1,1,1,0,1,1,0,0,0,1,1,1,0,0,0,1,1,1,1,1,1,16,5,3,3,4,2,1
GCF_1000529.1,0,1,1,0,0,0,0,0,1,0,0,0,0,0,0,0,1,0,0,0,1,0,1,6,1,0,3,0,1,1
GCF_1000530.1,0,1,1,0,1,1,0,0,0,1,1,0,0,0,0,0,0,0,0,0,0,0,1,7,4,1,3,0,0,0
GCF_1000531.1,0,0,1,0,1,0,0,0,0,0,1,0,0,0,0,0,0,0,0,0,0,0,1,4,2,0,2,0,0,0
GCF_1000532.1,0,1,1,1,1,0,0,0,1,1,0,0,0,0,0,0,0,0,0,0,1,1,1,9,4,0,3,0,2,0
GCF_1000533.1,0,1,1,0,1,0,1,0,0,1,1,0,0,0,0,0,0,1,0,0,0,1,1,9,4,1,3,0,1,1
GCF_1000534.1,1,0,1,0,0,0,0,0,0,0,1,0,0,1,0,0,0,1,0,0,0,0,1,6,1,0,2,1,0,1
GCF_1000535.1,0,1,1,1,1,0,0,1,0,1,1,0,0,1,0,1,0,0,0,0,0,0,1,10,5,1,4,1,0,0
GCF_1000536.1,0,1,1,1,1,0,0,0,0,0,1,0,1,0,1,0,0,0,0,0,0,0,1,8,3,0,4,1,0,0
GCF_1000537.1,0,1,1,0,0,0,1,0,0,0,1,1,1,0,1,0,1,1,1,1,0,1,1,13,3,2,4,3,1,2
GCF_1000538.1,0,1,1,1,1,0,0,0,0,1,1,0,0,0,1,0,0,0,1,0,0,0,1,9,4,0,4,1,0,0
GCF_1000539.1,1,1,1,0,1,0,0,0,1,0,0,0,1,1,0,0,0,0,1,0,1,1,1,11,2,0,3,3,2,0
GCF_1000540.1,0,1,1,1,0,0,0,0,0,0,0,0,0,0,0,0,0,0,1,0,0,0,1,5,1,0,3,1,0,0
GCF_1000541.1,0,1,0,1,0,0,0,0,1,0,1,0,1,1,1,1,0,0,1,0,0,0,1,10,3,0,4,3,0,0
GCF_1000542.1,1,1,1,0,0,0,0,0,0,0,1,0,1,1,1,1,1,0,1,1,0,0,1,12,1,0,5,4,0,1
GCF_1000543.1,0,0,1,0,0,0,1,0,0,0,0,0,0,0,1,0,0,0,1,0,1,0,1,6,1,1,3,1,1,0
GCF_1000544.1,0,1,1,0,1,1,1,0,0,0,0,1,0,1,1,1,1,0,0,0,0,0,1,11,4,3,5,1,0,1
GCF_1000545.1,1,1,1,0,1,0,0,0,0,0,0,0,0,0,0,0,0,0,0,1,1,1,1,8,1,0,3,1,2,0
GCF_1000546.1,1,1,1,1,0,0,0,0,1,0,0,1,1,0,1,0,1,1,0,1,0,0,1,12,3,1,4,2,0,2
GCF_1000547.1,0,1,1,0,0,0,0,0,0,0,0,1,0,0,0,0,0,0,0,0,0,0,1,4,1,1,3,0,0,0
GCF_1000548.1,0,0,1,1,1,0,0,0,0,0,1,0,0,0,1,0,0,0,0,0,0,0,1,6,3,0,3,0,0,0
GCF_1000549.1,0,1,1,0,1,0,0,1,0,0,0,0,0,0,0,0,1,0,0,0,1,1,1,8,2,1,3,0,2,1
GCF_1000550.1,0,1,1,0,0,0,0,0,0,0,1,0,1,0,1,0,0,0,0,0,0,0,1,6,1,0,4,1,0,0
GCF_1000551.1,0,1,1,0,0,0,0,0,0,0,0,1,0,1,0,0,1,1,0,0,0,0,1,7,1,1,3,1,0,2
GCF_1000552.1,0,1,1,0,1,0,0,0,0,0,0,0,0,1,0,0,0,0,0,1,0,0,1,6,1,0,3,2,0,0
GCF_1000553.1,0,1,0,1,0,0,0,0,0,0,0,0,0,1,0,0,0,0,1,0,0,0,1,5,1,0,2,2,0,0
GCF_1000554.1,1,1,1,1,1,0,0,0,1,1,1,1,1,0,0,0,1,1,0,0,0,1,1,14,6,1,3,1,1,2
GCF_1000555.1,0,1,1,1,1,0,0,0,0,1,1,0,0,1,1,0,0,0,0,1,0,1,1,11,4,0,4,2,1,0
GCF_1000556.1,1,1,1,0,0,0,0,1,0,0,0,0,1,1,0,0,0,0,1,1,0,0,1,9,1,1,3,4,0,0
GCF_1000557.1,0,1,1,1,0,0,0,0,0,0,1,0,1,1,1,0,0,1,1,1,0,1,1,12,2,0,4,4,1,1
GCF_1000558.1,0,1,1,1,0,0,0,0,0,0,0,1,0,0,1,0,1,1,0,0,0,0,1,8,2,1,4,0,0,2
GCF_1000559.1,0,1,1,0,0,0,0,0,0,0,0,0,0,0,0,1,0,1,1,0,0,0,1,6,0,0,4,1,0,1
GCF_1000560.1,0,1,1,0,0,0,0,0,0,0,1,0,0,0,1,1,0,0,0,0,1,1,0,7,1,0,4,0,2,0
GCF_1000561.1,0,1,1,0,0,0,0,0,0,1,1,0,0,0,0,0,0,0,1,1,0,0,0,6,2,0,2,2,0,0
GCF_1000562.1,1,1,1,1,0,0,1,1,0,0,1,1,1,1,1,0,0,1,1,0,0,1,1,15,5,3,4,3,1,1
GCF_1000563.1,0,1,1,1,0,0,1,0,0,0,0,1,1,1,0,0,1,1,0,1,1,1,1,13,3,2,3,3,2,2
GCF_1000564.1,1,1,1,0,1,1,0,0,0,1,0,0,1,0,1,0,1,0,0,0,1,1,1,12,3,1,4,1,2,1
GCF_1000565.1,1,1,0,0,0,0,0,0,1,0,0,0,0,0,0,0,0,0,0,0,0,1,1,5,1,0,2,0,1,0
GCF_1000566.1,0,1,1,1,1,0,0,0,0,0,1,0,0,1,0,0,0,1,0,0,0,0,1,8,3,0,3,1,0,1
GCF_1000567.1,0,1,1,0,1,0,0,1,0,1,0,0,0,0,1,0,0,1,0,0,1,0,1,9,3,1,4,0,1,1
GCF_1000568.1,0,1,1,0,1,0,0,0,0,0,0,0,0,0,1,0,0,0,0,0,0,0,1,5,1,0,4,0,0,0
GCF_1000569.1,1,1,1,1,0,0,0,0,0,1,0,0,1,0,0,1,0,0,1,1,1,1,0,11,2,0,3,3,2,0
GCF_1000570.1,0,1,1,1,0,1,1,0,0,0,0,0,0,1,1,0,0,0,1,0,0,0,1,9,3,2,4,2,0,0
GCF_1000571.1,1,1,1,1,1,0,0,0,0,1,0,0,0,0,1,1,0,0,0,0,0,1,1,10,3,0,5,0,1,0
GCF_1000572.1,0,1,1,1,0,0,0,0,1,0,1,0,1,1,0,0,0,0,0,1,0,0,1,9,3,0,3,3,0,0
GCF_1000573.1,0,1,1,0,0,0,0,0,0,0,1,0,1,0,1,0,0,0,1,1,0,0,1,8,1,0,4,3,0,0
GCF_1000574.1,1,1,0,0,1,0,1,0,0,1,1,0,0,0,0,0,0,0,0,0,0,0,1,7,4,1,2,0,0,0
GCF_1000575.1,0,1,1,1,1,0,0,0,0,0,1,0,0,1,1,1,0,0,0,1,1,0,1,11,3,0,5,2,1,0
GCF_1000576.1,1,1,1,1,1,0,0,0,0,1,1,0,1,1,0,1,0,0,0,1,1,1,0,13,4,0,3,3,2,0
GCF_1000577.1,0,1,1,0,0,0,0,0,0,1,0,0,1,0,0,1,0,0,0,0,0,0,1,6,1,0,4,1,0,0
GCF_1000578.1,0,1,1,0,0,0,0,0,0,0,1,0,0,0,1,1,0,0,0,0,1,0,1,7,1,0,5,0,1,0
GCF_1000579.1,1,1,1,0,1,0,0,0,0,0,0,0,0,1,0,0,0,0,1,0,1,1,1,9,1,0,3,2,2,0
GCF_1000580.1,0,1,1,1,1,0,0,0,0,0,1,1,1,0,0,0,0,1,0,0,0,0,1,9,4,1,3,1,0,1
GCF_1000581.1,0,1,1,0,0,0,0,0,1,0,0,0,0,0,0,0,1,0,0,0,0,0,1,5,1,0,3,0,0,1
GCF_1000582.1,0,1,1,0,1,0,1,1,0,0,0,0,1,0,0,1,0,0,0,0,0,1,1,9,3,2,4,1,1,0
GCF_1000583.1,1,1,1,0,0,0,0,0,0,0,1,0,1,0,1,0,0,0,1,1,0,1,1,10,1,0,4,3,1,0
GCF_1000584.1,0,1,1,0,0,0,0,0,0,0,0,0,0,1,1,0,0,0,0,0,0,0,0,4,0,0,3,1,0,0
GCF_1000585.1,1,1,1,1,0,0,0,0,0,1,1,0,1,0,1,0,0,0,1,0,0,1,1,11,3,0,4,2,1,0
GCF_1000586.1,0,0,1,0,0,0,0,1,0,0,0,1,0,1,0,1,1,0,1,1,1,1,1,11,2,2,3,3,2,1
GCF_1000587.1,0,1,1,0,0,0,0,1,0,0,1,0,1,1,1,0,0,0,1,1,1,0,1,11,2,1,4,4,1,0
GCF_1000588.1,0,1,1,1,1,0,0,0,0,0,1,0,0,1,0,0,0,0,0,1,1,1,1,10,3,0,3,2,2,0
GCF_1000589.1,1,1,1,1,0,0,0,0,0,0,0,0,0,1,0,0,0,0,1,1,0,1,1,9,1,0,3,3,1,0
GCF_1000590.1,1,1,1,1,0,1,0,0,0,0,0,0,1,1,0,0,0,0,0,1,0,1,1,10,2,1,3,3,1,0
GCF_1000591.1,0,1,1,1,1,0,0,0,0,0,1,0,0,0,0,0,0,0,0,0,1,0,1,7,3,0,3,0,1,0
GCF_1000592.1,0,1,1,1,1,0,0,0,0,1,1,0,1,1,0,0,0,0,1,1,1,1,1,13,4,0,3,4,2,0
GCF_1000593.1,1,1,1,1,1,0,0,1,0,0,1,0,1,1,0,1,0,0,1,0,0,1,1,13,4,1,4,3,1,0
GCF_1000594.1,0,0,1,1,1,0,0,1,1,1,0,1,0,0,0,0,1,1,0,0,0,0,1,10,6,2,2,0,0,2
GCF_1000595.1,1,1,1,0,1,0,0,0,0,1,0,0,0,1,0,1,0,0,0,0,0,0,1,8,2,0,4,1,0,0
GCF_1000596.1,1,0,1,1,0,0,0,0,0,1,1,0,0,0,1,0,0,0,0,0,0,0,1,7,3,0,3,0,0,0
GCF_1000597.1,0,1,1,1,0,0,0,0,0,1,1,0,0,1,1,1,0,0,0,0,0,1,1,10,3,0,5,1,1,0
GCF_1000598.1,1,1,1,1,1,0,0,0,0,0,1,0,1,1,0,0,0,0,1,0,1,1,1,12,3,0,3,3,2,0
GCF_1000599.1,1,1,0,0,0,0,0,1,0,1,1,1,0,1,0,0,0,0,1,0,1,1,1,11,4,2,2,2,2,0
GCF_1000600.1,1,1,1,1,1,0,0,0,1,0,1,0,1,0,1,0,0,0,0,1,1,0,1,12,4,0,4,2,1,0
GCF_1000601.1,1,1,1,1,1,0,0,0,0,0,1,0,1,1,0,1,1,0,1,1,1,1,1,15,3,0,4,4,2,1
GCF_1000602.1,0,1,1,0,1,0,0,0,0,1,1,0,1,1,1,0,0,0,1,1,1,1,1,13,3,0,4,4,2,0
GCF_1000603.1,1,1,1,1,1,0,0,0,0,0,1,0,0,1,0,0,0,0,1,0,1,0,1,10,3,0,3,2,1,0
GCF_1000604.1,0,1,1,0,1,0,1,1,0,0,1,0,0,1,0,0,1,0,1,0,1,1,1,12,4,2,3,2,2,1
GCF_1000605.1,1,0,1,1,1,0,1,0,0,0,1,0,0,0,0,0,1,0,0,0,0,0,1,8,4,1,2,0,0,1
GCF_1000606.1,1,1,1,0,1,0,0,0,0,1,0,0,0,1,1,0,0,0,1,1,1,1,1,12,2,0,4,3,2,0
GCF_1000607.1,0,1,1,0,0,0,0,0,0,0,0,0,0,0,1,0,1,0,1,0,0,0,1,6,0,0,4,1,0,1
GCF_1000608.1,1,1,1,1,1,0,0,0,0,0,1,0,0,0,0,0,1,1,1,0,0,1,1,11,3,0,3,1,1,2
GCF_1000609.1,0,1,1,0,1,0,1,0,0,1,1,1,0,0,1,1,1,1,0,0,0,0,1,12,5,2,5,0,0,2
GCF_1000610.1,1,1,1,1,0,0,0,0,1,1,0,0,0,1,0,0,0,1,0,1,0,1,1,11,3,0,3,2,1,1
GCF_1000611.1,0,1,1,0,0,0,0,0,0,0,0,1,0,0,1,0,1,1,0,0,0,0,0,6,1,1,3,0,0,2
GCF_1000612.1,0,1,1,1,1,0,1,0,0,0,1,0,1,0,0,0,0,0,0,0,0,0,1,8,4,1,3,1,0,0
GCF_1000613.1,1,1,0,0,1,0,0,0,0,1,1,0,1,0,0,0,0,0,0,1,0,1,1,9,3,0,2,2,1,0
GCF_1000614.1,0,1,1,0,1,0,0,0,0,0,1,0,0,0,0,0,0,0,0,0,0,0,1,5,2,0,3,0,0,0
GCF_1000615.1,0,1,1,0,1,0,0,0,0,0,0,1,0,0,1,0,0,1,0,0,0,0,1,7,2,1,4,0,0,1
GCF_1000616.1,0,1,0,1,0,0,0,0,0,1,0,0,1,1,0,0,0,0,0,1,0,0,1,7,2,0,2,3,0,0
GCF_1000617.1,0,1,1,0,0,0,0,0,0,0,0,0,1,1,1,0,0,0,0,1,1,1,0,8,0,0,3,3,2,0
GCF_1000618.1,0,1,1,0,0,0,0,1,0,0,0,1,1,0,0,0,0,0,1,0,0,0,0,6,2,2,2,2,0,0
GCF_1000619.1,0,1,1,0,1,0,0,0,1,0,0,0,0,1,1,1,0,0,1,0,0,0,0,8,2,0,4,2,0,0
GCF_1000620.1,0,1,1,1,0,0,0,0,0,0,1,0,0,1,0,0,0,0,1,0,1,0,0,7,2,0,2,2,1,0
GCF_1000621.1,1,1,1,1,1,0,0,0,0,1,1,1,1,1,0,0,0,0,1,1,0,0,1,13,5,1,3,4,0,0
GCF_1000622.1,0,0,1,1,0,1,0,0,0,0,0,0,1,1,1,0,0,0,1,1,0,1,1,10,2,1,3,4,1,0
GCF_1000623.1,0,1,1,0,0,0,0,0,0,0,0,0,1,1,1,0,0,1,1,1,0,0,1,9,0,0,4,4,0,1
GCF_1000624.1,0,1,1,0,0,0,1,0,0,0,1,0,0,1,0,0,0,0,1,0,0,0,1,7,2,1,3,2,0,0
GCF_1000625.1,0,1,1,0,1,1,0,0,0,0,1,0,0,0,0,1,1,0,0,1,0,1,1,10,3,1,4,1,1,1
GCF_1000626.1,0,1,1,1,1,0,1,0,0,0,1,0,1,0,1,0,0,0,1,0,0,1,0,10,4,1,3,2,1,0
GCF_1000627.1,1,1,1,1,1,0,0,0,0,0,0,0,0,0,1,0,0,0,1,0,0,0,1,8,2,0,4,1,0,0
GCF_1000628.1,0,1,1,1,1,0,0,0,0,1,1,0,1,1,1,0,0,0,0,1,0,1,0,11,4,0,3,3,1,0
GCF_1000629.1,0,1,1,1,0,1,0,0,0,0,1,0,1,0,1,0,1,0,1,0,1,0,1,11,3,1,4,2,1,1
GCF_1000630.1,0,0,1,0,0,0,1,0,0,0,0,1,0,0,0,1,0,0,1,1,0,0,0,6,2,2,2,2,0,0
GCF_1000631.1,0,0,1,0,0,0,0,0,0,0,0,0,0,1,0,1,0,0,1,0,0,0,1,5,0,0,3,2,0,0
GCF_1000632.1,1,1,1,0,0,0,1,0,0,0,1,1,0,0,0,0,0,0,0,0,0,0,1,7,3,2,3,0,0,0
GCF_1000633.1,1,1,1,1,0,0,0,0,0,0,0,0,0,1,0,1,0,1,1,0,0,0,1,9,1,0,4,2,0,1
GCF_1000634.1,1,1,1,0,0,0,0,0,0,0,1,0,1,1,1,0,0,0,0,1,1,0,1,10,1,0,4,3,1,0
GCF_1000635.1,0,1,1,1,1,0,0,0,0,0,1,0,0,0,1,0,0,0,0,0,0,0,1,7,3,0,4,0,0,0
GCF_1000636.1,0,1,1,0,0,0,0,0,0,0,1,0,1,0,0,1,0,0,0,0,0,0,1,6,1,0,4,1,0,0
GCF_1000637.1,1,1,1,1,0,0,0,0,0,0,1,0,1,1,1,0,0,0,1,1,0,0,1,11,2,0,4,4,0,0
GCF_1000638.1,1,1,1,1,0,0,0,0,1,0,1,0,1,1,1,1,0,0,1,0,0,1,1,13,3,0,5,3,1,0
GCF_1000639.1,0,1,0,1,0,0,1,0,0,0,0,0,1,1,1,0,0,0,0,0,0,1,0,7,2,1,2,2,1,0
GCF_1000640.1,1,1,1,1,0,1,0,0,0,0,0,0,1,1,0,0,0,1,1,1,0,0,0,10,2,1,2,4,0,1
GCF_1000641.1,0,1,1,0,1,0,0,1,0,0,1,0,1,1,0,0,1,1,1,1,1,1,1,14,3,1,3,4,2,2
GCF_1000642.1,1,1,1,1,0,0,0,0,0,0,0,0,0,1,0,1,0,0,1,1,0,0,1,9,1,0,4,3,0,0
GCF_1000643.1,0,1,1,0,1,0,0,0,0,0,1,0,1,0,1,0,0,0,1,1,1,0,0,9,2,0,3,3,1,0
GCF_1000644.1,1,1,1,1,1,0,1,1,1,1,1,1,1,1,0,0,0,0,1,1,1,1,1,18,8,3,3,4,2,0
GCF_1000645.1,0,1,1,0,0,0,0,0,0,0,1,0,0,0,0,0,0,0,0,0,0,0,1,4,1,0,3,0,0,0
GCF_1000646.1,0,1,0,1,1,0,0,0,0,1,1,0,0,0,1,0,0,0,0,0,0,0,1,7,4,0,3,0,0,0
GCF_1000647.1,1,1,1,1,0,0,0,0,0,0,0,0,0,1,1,1,1,0,0,0,0,0,1,9,1,0,5,1,0,1
GCF_1000648.1,0,0,1,1,0,0,0,0,0,0,0,0,0,0,1,0,0,0,0,0,1,1,1,6,1,0,3,0,2,0
GCF_1000649.1,0,0,1,0,0,0,0,0,0,0,1,0,1,0,0,0,0,0,0,1,0,0,1,5,1,0,2,2,0,0
GCF_1000650.1,0,1,1,1,1,0,0,1,0,1,1,0,1,1,0,1,1,0,0,1,0,1,0,13,5,1,3,3,1,1
GCF_1000651.1,0,1,1,0,1,0,0,0,0,0,1,0,1,1,0,0,0,0,0,0,0,0,1,7,2,0,3,2,0,0
GCF_1000652.1,0,1,1,0,1,0,0,0,0,1,1,0,1,1,0,1,0,0,0,0,0,0,1,9,3,0,4,2,0,0
GCF_1000653.1,0,1,1,0,0,0,0,1,0,0,1,0,0,0,0,1,1,0,0,1,1,0,1,9,2,1,4,1,1,1
GCF_1000654.1,1,1,1,0,0,0,0,0,0,1,1,0,0,1,1,1,0,0,0,0,0,1,1,10,2,0,5,1,1,0
GCF_1000655.1,1,1,1,1,1,0,0,0,0,0,0,0,1,1,0,1,0,0,1,1,0,0,1,11,2,0,4,4,0,0
GCF_1000656.1,1,1,1,1,0,0,0,1,0,0,0,0,1,1,1,0,0,0,1,1,1,1,1,13,2,1,4,4,2,0
GCF_1000657.1,0,1,1,1,0,0,0,0,0,1,1,0,0,0,0,1,0,0,1,1,0,0,0,8,3,0,3,2,0,0
GCF_1000658.1,0,0,1,0,0,0,0,0,0,0,0,0,1,0,0,1,0,0,1,0,0,0,1,5,0,0,3,2,0,0
GCF_1000659.1,0,1,1,0,1,0,0,0,1,0,1,0,0,0,0,1,0,0,0,0,0,0,1,7,3,0,4,0,0,0
GCF_1000660.1,1,1,1,1,1,0,0,0,0,0,0,0,1,1,0,0,0,0,0,0,0,1,1,9,2,0,3,2,1,0
GCF_1000661.1,1,0,0,0,0,0,0,0,0,1,0,0,0,1,1,1,0,0,0,0,0,0,0,5,1,0,2,1,0,0
GCF_1000662.1,0,1,1,0,1,0,0,1,0,0,0,0,0,1,1,0,0,0,0,0,0,0,1,7,2,1,4,1,0,0
GCF_1000663.1,0,1,1,0,1,0,0,0,0,0,0,0,1,1,1,0,0,0,1,1,0,0,1,9,1,0,4,4,0,0
GCF_1000664.1,1,1,1,0,0,0,0,0,0,0,0,0,0,1,0,0,0,0,1,1,0,1,1,8,0,0,3,3,1,0
GCF_1000665.1,1,1,1,0,0,0,0,0,0,1,1,0,0,1,1,1,0,0,1,1,0,1,1,12,2,0,5,3,1,0
GCF_1000666.1,1,1,1,1,1,0,1,0,0,0,1,0,1,1,1,0,0,1,0,0,0,1,1,13,4,1,4,2,1,1
GCF_1000667.1,1,1,1,0,0,0,0,0,1,0,1,0,1,1,1,1,0,0,1,0,1,0,1,12,2,0,5,3,1,0
GCF_1000668.1,1,1,1,1,1,0,0,0,0,1,1,0,1,0,0,1,0,0,0,1,1,1,0,12,4,0,3,2,2,0
GCF_1000669.1,0,1,1,0,0,0,0,0,0,0,0,0,1,1,1,0,0,0,0,1,1,0,1,8,0,0,4,3,1,0
GCF_1000670.1,1,1,1,1,1,0,0,0,0,1,1,0,1,1,0,0,1,0,0,1,0,0,1,12,4,0,3,3,0,1
GCF_1000671.1,1,1,0,0,1,0,0,0,0,0,0,0,0,0,1,0,0,0,1,0,0,1,1,7,1,0,3,1,1,0
GCF_1000672.1,1,1,1,0,0,0,0,0,0,0,1,0,1,0,0,0,1,0,1,1,0,1,1,10,1,0,3,3,1,1
GCF_1000673.1,0,1,1,0,1,0,1,0,0,0,0,0,0,1,0,0,0,0,1,0,0,0,1,7,2,1,3,2,0,0
GCF_1000674.1,0,1,0,0,0,0,0,0,0,0,1,0,0,1,0,0,0,0,0,0,0,0,1,4,1,0,2,1,0,0
GCF_1000675.1,0,1,1,1,1,0,0,0,0,0,0,0,0,1,0,1,1,0,0,0,1,0,1,9,2,0,4,1,1,1
GCF_1000676.1,1,1,1,0,0,0,0,0,0,0,1,0,0,1,0,0,0,0,1,1,1,1,1,10,1,0,3,3,2,0
GCF_1000677.1,0,1,1,1,0,0,1,1,0,0,0,1,0,0,0,0,1,1,1,1,0,0,1,11,4,3,3,2,0,2
GCF_1000678.1,0,1,1,1,1,0,0,0,0,1,0,0,0,1,1,0,0,1,1,0,0,0,1,10,3,0,4,2,0,1
GCF_1000679.1,0,1,1,0,0,0,0,0,0,0,0,0,0,0,0,0,0,0,0,0,0,0,1,3,0,0,3,0,0,0
GCF_1000680.1,0,1,1,1,1,0,0,0,0,1,0,0,0,0,1,0,0,0,0,0,0,0,1,7,3,0,4,0,0,0
GCF_1000681.1,1,1,1,0,0,0,0,0,0,0,0,0,1,1,0,0,0,0,0,1,0,1,1,8,0,0,3,3,1,0
GCF_1000682.1,1,1,1,0,0,0,0,1,0,0,1,1,1,0,1,0,1,1,1,0,0,1,1,13,3,2,4,2,1,2
GCF_1000683.1,0,1,1,0,0,0,1,0,0,0,1,0,1,0,0,0,0,1,0,1,1,0,1,9,2,1,3,2,1,1
GCF_1000684.1,0,1,1,1,1,0,0,0,0,0,1,0,0,0,0,0,1,1,0,0,0,0,1,8,3,0,3,0,0,2
GCF_1000685.1,0,1,0,0,1,0,0,1,1,0,0,1,0,0,0,0,1,1,0,1,0,1,1,10,4,2,2,1,1,2
GCF_1000686.1,0,1,1,0,0,0,0,1,0,0,0,1,0,1,1,0,1,1,1,0,0,0,1,10,2,2,4,2,0,2
GCF_1000687.1,0,1,1,0,1,0,0,0,1,1,0,0,1,1,0,0,1,0,1,1,1,1,1,13,3,0,3,4,2,1
GCF_1000688.1,0,1,1,0,0,0,0,0,1,0,1,0,0,1,0,0,0,0,0,0,1,0,1,7,2,0,3,1,1,0
GCF_1000689.1,0,1,1,1,0,0,0,0,0,0,1,0,1,1,0,0,0,0,1,1,1,0,0,9,2,0,2,4,1,0
GCF_1000690.1,1,1,0,1,1,0,0,0,0,1,1,0,1,1,0,0,0,0,1,1,0,1,1,12,4,0,2,4,1,0
GCF_1000691.1,1,1,1,1,0,0,0,0,0,0,1,0,1,0,0,0,0,0,1,0,1,0,1,9,2,0,3,2,1,0
GCF_1000692.1,0,1,1,0,1,0,1,1,0,0,0,1,0,1,1,0,1,0,0,0,0,0,1,10,4,3,4,1,0,1
GCF_1000693.1,1,1,1,0,1,0,0,0,0,0,1,0,1,0,0,0,0,0,1,1,1,1,1,11,2,0,3,3,2,0
GCF_1000694.1,1,1,1,1,0,0,0,0,1,0,1,0,1,1,0,0,0,0,1,1,1,1,0,12,3,0,2,4,2,0
GCF_1000695.1,0,1,0,1,1,1,0,0,0,1,0,0,0,0,0,1,0,1,0,0,0,0,1,8,4,1,3,0,0,1
GCF_1000696.1,1,1,1,0,0,0,0,0,0,0,1,0,1,1,0,0,0,0,1,1,0,1,1,10,1,0,3,4,1,0
GCF_1000697.1,0,1,1,1,1,0,0,0,1,0,1,0,0,1,0,0,0,0,0,0,0,0,1,8,4,0,3,1,0,0
GCF_1000698.1,1,0,1,0,1,0,1,0,0,1,1,0,0,0,1,0,0,0,1,0,1,1,1,11,4,1,3,1,2,0
GCF_1000699.1,0,0,1,0,0,0,0,0,0,0,0,0,0,1,0,0,0,0,1,0,0,0,1,4,0,0,2,2,0,0
GCF_1000700.1,0,1,1,1,1,0,0,0,0,0,0,0,1,0,0,1,0,0,0,1,0,0,1,8,2,0,4,2,0,0
GCF_1000701.1,1,1,1,1,0,0,0,0,0,1,0,0,1,1,0,1,0,0,1,0,0,1,0,10,2,0,3,3,1,0
GCF_1000702.1,1,1,1,1,1,0,1,1,0,1,1,0,1,1,0,0,1,0,1,0,1,0,1,15,6,2,3,3,1,1
GCF_1000703.1,1,1,1,0,1,0,0,1,0,1,1,1,1,1,0,1,1,0,1,0,0,0,1,14,5,2,4,3,0,1
GCF_1000704.1,1,0,1,0,0,0,0,0,0,1,0,0,1,0,0,0,0,0,0,1,1,0,1,7,1,0,2,2,1,0
GCF_1000705.1,0,1,1,1,1,0,0,0,1,0,1,0,1,0,1,0,0,1,0,0,0,0,1,10,4,0,4,1,0,1
GCF_1000706.1,1,1,1,1,0,0,1,1,0,0,0,1,0,1,0,0,0,1,1,1,1,1,1,14,4,3,3,3,2,1
GCF_1000707.1,0,1,1,0,1,0,0,0,0,0,1,0,0,0,0,0,0,0,0,0,0,0,1,5,2,0,3,0,0,0
GCF_1000708.1,1,1,1,0,0,0,1,0,0,0,1,1,1,1,0,0,0,1,0,1,1,1,1,13,3,2,3,3,2,1
GCF_1000709.1,0,1,1,1,0,0,0,0,0,0,1,0,0,1,0,0,0,0,0,0,1,0,1,7,2,0,3,1,1,0
GCF_1000710.1,0,1,1,1,1,0,0,0,0,1,1,0,0,1,0,1,1,0,0,0,0,0,1,10,4,0,4,1,0,1
GCF_1000711.1,0,1,1,1,1,0,0,0,0,1,1,0,0,0,1,1,0,1,0,1,0,0,1,11,4,0,5,1,0,1
GCF_1000712.1,0,1,1,0,0,0,0,1,0,1,0,0,0,1,0,1,0,0,0,0,0,1,1,8,2,1,4,1,1,0
GCF_1000713.1,0,1,1,0,1,0,0,0,0,0,1,0,0,0,0,0,0,0,0,0,0,0,1,5,2,0,3,0,0,0
GCF_1000714.1,1,1,1,1,1,0,1,0,0,0,1,0,0,1,0,1,1,0,1,0,1,1,1,14,4,1,4,2,2,1
GCF_1000715.1,1,1,1,0,0,0,0,0,1,0,1,0,0,0,0,1,0,0,0,0,0,0,1,7,2,0,4,0,0,0
GCF_1000716.1,0,0,1,1,1,0,0,0,0,1,1,1,0,0,1,1,0,0,0,0,0,0,0,8,5,1,3,0,0,0
GCF_1000717.1,1,1,1,0,0,0,0,0,0,0,1,0,0,1,0,0,0,0,0,1,0,0,1,7,1,0,3,2,0,0
GCF_1000718.1,1,1,1,0,0,0,0,0,0,0,0,0,1,0,0,0,0,0,1,0,1,0,1,7,0,0,3,2,1,0
GCF_1000719.1,0,1,1,1,1,0,1,1,0,1,1,1,0,0,0,0,0,0,0,1,0,0,1,11,7,3,3,1,0,0
GCF_1000720.1,0,1,1,1,0,0,0,0,0,1,1,0,0,1,0,0,0,0,0,0,0,0,1,7,3,0,3,1,0,0
GCF_1000721.1,1,1,1,1,0,0,1,0,0,1,1,0,1,0,1,0,0,0,0,1,1,1,0,12,4,1,3,2,2,0
GCF_1000722.1,1,1,1,1,1,0,1,0,0,1,1,0,0,1,0,0,0,0,1,1,1,1,1,14,5,1,3,3,2,0
GCF_1000723.1,0,1,1,1,1,0,0,0,0,0,1,0,1,1,1,1,0,0,0,0,0,1,1,11,3,0,5,2,1,0
GCF_1000724.1,0,1,1,0,0,0,0,0,0,0,1,0,0,0,0,0,0,0,0,0,1,0,0,4,1,0,2,0,1,0
GCF_1000725.1,0,1,1,1,0,0,0,0,0,1,1,0,0,0,0,0,0,0,0,1,0,0,1,7,3,0,3,1,0,0
GCF_1000726.1,0,1,1,1,0,0,0,1,0,0,1,1,1,1,0,0,0,0,0,1,1,1,1,12,4,2,3,3,2,0
GCF_1000727.1,1,1,1,1,0,0,0,0,0,1,0,0,0,0,0,0,0,0,0,0,1,0,0,6,2,0,2,0,1,0
GCF_1000728.1,0,1,1,0,1,0,0,0,0,0,0,0,1,1,1,0,0,1,0,1,1,0,1,10,1,0,4,3,1,1
GCF_1000729.1,0,1,1,0,0,0,0,0,0,0,0,0,0,1,0,0,0,0,1,0,0,0,1,5,0,0,3,2,0,0
GCF_1000730.1,1,1,1,1,1,0,0,0,0,1,1,0,1,1,0,0,0,0,0,0,1,1,1,12,4,0,3,2,2,0
GCF_1000731.1,0,1,1,0,0,0,1,0,0,0,1,1,0,0,0,1,0,0,1,0,0,1,1,9,3,2,4,1,1,0
GCF_1000732.1,0,1,0,0,0,1,1,1,0,0,0,0,0,0,1,0,0,0,1,0,0,0,1,7,3,3,3,1,0,0
GCF_1000733.1,0,1,1,0,0,0,0,1,0,0,0,0,0,1,0,0,1,0,0,0,0,0,1,6,1,1,3,1,0,1
GCF_1000734.1,1,1,1,0,1,0,0,0,0,1,1,0,0,0,1,0,0,0,0,0,0,0,1,8,3,0,4,0,0,0
GCF_1000735.1,0,1,1,0,1,0,0,0,1,0,0,0,0,0,1,0,0,0,1,0,0,1,0,7,2,0,3,1,1,0
GCF_1000736.1,1,1,0,0,0,0,0,1,0,0,0,0,0,1,1,0,0,0,0,1,1,1,1,9,1,1,3,2,2,0
GCF_1000737.1,0,1,1,1,0,0,0,0,0,0,0,0,0,1,0,0,0,0,0,0,0,0,1,5,1,0,3,1,0,0
GCF_1000738.1,0,1,1,1,0,0,0,0,0,0,1,0,0,1,1,0,0,1,1,0,0,1,1,10,2,0,4,2,1,1
GCF_1000739.1,1,0,1,0,0,0,0,0,0,0,0,0,0,0,0,0,1,1,1,0,0,0,1,6,0,0,2,1,0,2
GCF_1000740.1,0,0,1,0,0,0,0,0,0,0,0,0,0,1,0,1,0,0,0,1,0,0,1,5,0,0,3,2,0,0
GCF_1000741.1,1,1,1,0,1,0,1,0,0,1,0,0,1,1,0,0,1,1,1,1,1,0,1,14,3,1,3,4,1,2
GCF_1000742.1,0,1,1,0,0,0,0,0,0,0,1,0,0,0,1,0,0,1,0,0,0,0,1,6,1,0,4,0,0,1
GCF_1000743.1,0,1,1,0,1,0,0,0,0,1,1,1,1,0,0,0,0,0,0,0,0,0,1,8,4,1,3,1,0,0
GCF_1000744.1,1,1,1,0,1,0,0,0,0,1,1,0,0,1,1,0,0,0,1,1,1,1,1,13,3,0,4,3,2,0
GCF_1000745.1,0,1,1,0,0,0,0,0,0,0,0,0,0,0,0,0,0,0,0,0,0,0,1,3,0,0,3,0,0,0
GCF_1000746.1,0,1,1,1,1,0,0,0,0,0,0,1,1,0,0,0,0,1,0,0,0,0,1,8,3,1,3,1,0,1
GCF_1000747.1,0,1,1,1,1,0,1,1,0,0,1,1,0,0,0,0,1,1,0,0,0,0,1,11,6,3,3,0,0,2
GCF_1000748.1,0,0,1,0,0,0,0,0,1,0,1,0,0,1,1,0,0,1,0,0,0,0,0,6,2,0,2,1,0,1
GCF_1000749.1,0,1,1,1,1,0,0,0,0,1,1,0,0,0,0,0,0,0,1,0,0,0,1,8,4,0,3,1,0,0
GCF_1000750.1,1,1,1,0,0,0,0,0,0,0,0,0,1,1,0,0,0,0,1,1,0,1,1,9,0,0,3,4,1,0
GCF_1000751.1,0,1,1,1,1,0,0,0,0,0,1,0,0,0,0,0,0,0,0,0,0,0,0,5,3,0,2,0,0,0
GCF_1000752.1,1,1,1,1,0,0,1,0,1,1,1,0,0,0,0,0,0,0,0,0,0,0,1,9,5,1,3,0,0,0
GCF_1000753.1,0,1,1,1,1,0,0,0,0,1,1,0,1,1,0,0,1,0,1,1,1,1,1,14,4,0,3,4,2,1
GCF_1000754.1,1,1,1,1,0,0,0,0,0,0,1,0,1,1,1,0,0,0,1,0,0,1,0,10,2,0,3,3,1,0
GCF_1000755.1,0,1,1,0,0,0,0,0,0,0,1,0,0,0,0,0,0,0,0,0,0,0,1,4,1,0,3,0,0,0
GCF_1000756.1,0,1,1,0,0,0,0,0,0,0,0,0,0,0,0,1,0,0,0,0,0,0,1,4,0,0,4,0,0,0
GCF_1000757.1,0,1,0,1,0,0,0,0,0,0,0,1,1,0,0,1,0,1,0,1,0,0,0,7,2,1,2,2,0,1
GCF_1000758.1,0,1,1,1,0,0,0,0,0,1,1,0,0,1,0,0,0,0,0,0,0,0,1,7,3,0,3,1,0,0
GCF_1000759.1,1,1,1,0,0,0,1,0,0,1,0,1,1,0,0,1,1,1,0,0,0,0,0,10,3,2,3,1,0,2
GCF_1000760.1,1,1,0,1,0,0,0,1,0,0,1,1,0,1,1,0,1,1,1,1,1,0,1,14,4,2,3,3,1,2
GCF_1000761.1,0,1,1,0,0,0,0,0,1,0,1,0,1,1,1,0,1,1,1,1,1,0,1,13,2,0,4,4,1,2
GCF_1000762.1,1,1,1,0,0,0,0,0,0,1,0,0,0,1,0,0,0,0,0,1,1,0,1,8,1,0,3,2,1,0
GCF_1000763.1,0,1,1,0,1,0,0,0,0,0,1,0,0,0,0,0,0,0,1,0,0,0,1,6,2,0,3,1,0,0
GCF_1000764.1,1,1,1,1,1,0,1,1,0,1,1,0,1,1,1,0,0,1,1,0,1,1,1,17,6,2,4,3,2,1
GCF_1000765.1,0,1,1,1,0,0,0,0,1,0,1,0,1,0,0,0,0,0,1,0,0,0,1,8,3,0,3,2,0,0
GCF_1000766.1,0,1,1,0,0,0,0,0,0,0,0,0,1,0,0,0,0,0,1,0,0,0,1,5,0,0,3,2,0,0
GCF_1000767.1,0,1,1,0,0,0,0,0,0,0,1,0,0,0,0,0,1,0,1,0,1,0,1,7,1,0,3,1,1,1
GCF_1000768.1,1,1,1,1,1,0,0,0,1,1,1,0,1,1,0,1,0,0,1,1,1,1,1,16,5,0,4,4,2,0
GCF_1000769.1,0,0,1,0,0,0,0,0,1,0,1,0,0,0,0,1,0,0,0,0,0,0,1,5,2,0,3,0,0,0
GCF_1000770.1,1,1,1,1,1,0,1,0,0,0,1,0,0,1,0,1,1,1,0,1,1,1,1,15,4,1,4,2,2,2
GCF_1000771.1,0,1,1,0,1,0,1,0,0,0,0,0,0,0,1,0,0,0,0,0,0,0,1,6,2,1,4,0,0,0
GCF_1000772.1,1,0,1,0,1,0,0,0,0,1,0,0,1,1,1,0,0,0,1,1,0,0,1,10,2,0,3,4,0,0
GCF_1000773.1,1,1,1,0,0,0,0,0,0,0,1,0,1,0,0,0,0,1,0,0,1,1,1,9,1,0,3,1,2,1
GCF_1000774.1,0,1,1,1,0,0,0,0,0,1,1,0,0,1,0,1,0,0,0,0,0,0,1,8,3,0,4,1,0,0
GCF_1000775.1,1,1,0,1,1,0,0,0,0,1,1,0,1,1,0,0,0,1,1,1,1,0,1,13,4,0,2,4,1,1
GCF_1000776.1,1,1,1,0,0,0,0,1,0,0,0,1,0,1,0,1,1,0,0,0,1,1,1,11,2,2,4,1,2,1
GCF_1000777.1,0,1,1,0,0,0,0,1,0,0,0,0,0,0,0,0,0,0,0,0,0,0,1,4,1,1,3,0,0,0
GCF_1000778.1,1,1,0,0,0,0,0,0,1,0,1,0,0,1,1,0,1,0,1,0,0,0,1,9,2,0,3,2,0,1
GCF_1000779.1,0,1,1,0,0,0,0,0,0,1,1,0,0,0,0,0,0,0,0,1,0,0,1,6,2,0,3,1,0,0
GCF_1000780.1,0,1,0,1,1,0,1,1,0,0,1,0,0,0,1,0,0,1,0,0,0,0,1,9,5,2,3,0,0,1
GCF_1000781.1,1,1,1,0,0,0,0,0,1,0,1,0,0,0,0,0,0,0,0,0,0,0,1,6,2,0,3,0,0,0
GCF_1000782.1,1,1,1,0,0,0,0,0,0,0,1,0,0,1,0,0,0,0,1,1,0,1,1,9,1,0,3,3,1,0
GCF_1000783.1,0,1,1,0,0,0,0,0,0,1,0,0,1,1,0,0,0,0,0,0,1,0,1,7,1,0,3,2,1,0
GCF_1000784.1,0,1,1,1,0,0,0,0,0,0,0,0,1,1,0,1,0,1,0,0,0,1,1,9,1,0,4,2,1,1
GCF_1000785.1,0,1,1,1,0,0,0,0,0,0,0,0,0,0,0,0,0,0,0,0,1,0,1,5,1,0,3,0,1,0
GCF_1000786.1,0,1,0,1,0,0,0,0,0,0,0,0,0,1,1,1,0,0,0,0,0,0,1,6,1,0,4,1,0,0
GCF_1000787.1,1,1,1,1,1,0,0,1,0,1,0,1,1,0,0,0,0,0,1,1,1,0,0,12,5,2,2,3,1,0
GCF_1000788.1,0,1,1,1,1,0,0,0,0,1,1,0,1,0,1,0,0,0,0,0,0,0,1,9,4,0,4,1,0,0
GCF_1000789.1,1,1,0,0,0,0,0,0,0,1,1,0,0,0,1,0,0,0,0,0,0,0,1,6,2,0,3,0,0,0
GCF_1000790.1,1,1,0,1,1,0,1,0,0,0,1,0,0,1,0,1,0,1,1,1,0,0,1,12,4,1,3,3,0,1
GCF_1000791.1,0,1,1,1,0,0,0,0,0,0,0,0,0,1,0,0,0,0,0,0,0,0,1,5,1,0,3,1,0,0
GCF_1000792.1,0,1,1,0,1,0,0,0,0,0,0,0,1,0,1,1,0,0,1,0,0,0,1,8,1,0,5,2,0,0
GCF_1000793.1,0,1,1,1,0,0,1,0,1,0,1,0,0,0,0,0,0,1,0,1,0,1,1,10,4,1,3,1,1,1
GCF_1000794.1,1,0,1,1,1,0,0,0,0,0,1,0,0,1,0,0,0,1,1,0,1,0,1,10,3,0,2,2,1,1
GCF_1000795.1,0,1,1,1,1,0,0,0,0,0,1,0,1,0,0,0,0,0,0,0,0,0,1,7,3,0,3,1,0,0
GCF_1000796.1,0,1,1,1,1,0,1,0,0,0,0,0,0,0,0,0,1,1,0,0,0,0,1,8,3,1,3,0,0,2
GCF_1000797.1,0,1,1,0,1,0,0,0,0,1,1,0,0,0,0,0,0,0,0,0,0,0,0,5,3,0,2,0,0,0
GCF_1000798.1,1,1,0,1,1,0,0,0,1,1,1,0,0,1,0,0,0,0,1,0,0,0,1,10,5,0,2,2,0,0
GCF_1000799.1,0,1,1,1,0,0,0,1,0,1,1,0,0,0,0,1,1,0,0,1,0,0,1,10,4,1,4,1,0,1
GCF_1000800.1,0,1,0,0,0,0,0,0,0,0,0,0,0,0,1,0,0,0,0,0,1,1,1,5,0,0,3,0,2,0
GCF_1000801.1,1,1,0,0,0,0,1,0,1,0,0,0,1,1,0,1,0,0,1,1,1,1,1,12,2,1,3,4,2,0
GCF_1000802.1,0,1,1,0,0,0,0,0,0,0,1,0,0,0,1,0,0,0,1,0,0,0,1,6,1,0,4,1,0,0
GCF_1000803.1,0,1,1,1,1,0,0,0,0,0,1,0,0,1,0,1,0,0,0,0,0,0,1,8,3,0,4,1,0,0
GCF_1000804.1,1,1,1,0,0,0,0,0,0,0,1,0,0,1,0,0,0,1,0,0,1,0,0,7,1,0,2,1,1,1
GCF_1000805.1,0,1,1,1,0,0,0,0,0,0,0,0,0,0,1,0,0,0,0,0,1,0,1,6,1,0,4,0,1,0
GCF_1000806.1,0,1,1,1,0,0,0,0,0,0,0,0,0,1,0,0,0,0,0,0,0,0,1,5,1,0,3,1,0,0
GCF_1000807.1,0,1,1,1,1,0,0,1,0,1,1,0,1,0,1,0,1,0,0,1,0,0,1,12,5,1,4,2,0,1
GCF_1000808.1,1,1,1,0,1,0,1,1,0,0,1,0,1,0,0,0,0,0,0,0,0,0,1,9,4,2,3,1,0,0
GCF_1000809.1,1,1,1,1,1,0,0,0,0,0,1,0,0,1,0,0,0,0,1,0,0,1,1,10,3,0,3,2,1,0
GCF_1000810.1,0,1,1,0,0,0,0,0,0,0,0,0,0,0,1,0,0,0,0,0,0,0,1,4,0,0,4,0,0,0
GCF_1000811.1,0,0,1,1,0,0,0,0,0,0,1,0,0,0,1,0,0,0,0,0,0,0,1,5,2,0,3,0,0,0
GCF_1000812.1,1,1,1,1,1,0,0,0,1,0,1,0,0,0,1,0,0,0,1,0,0,1,1,11,4,0,4,1,1,0
GCF_1000813.1,0,1,1,0,0,0,0,0,0,1,1,0,0,0,0,0,0,0,0,0,1,0,0,5,2,0,2,0,1,0
GCF_1000814.1,0,1,1,0,0,0,0,0,0,0,1,0,0,0,0,1,0,0,1,0,1,1,1,8,1,0,4,1,2,0
GCF_1000815.1,0,1,1,1,1,1,0,0,0,0,1,0,1,0,0,0,0,0,0,0,1,0,1,9,4,1,3,1,1,0
GCF_1000816.1,0,1,0,0,1,0,0,0,0,0,0,0,0,0,0,0,0,0,0,0,0,0,0,2,1,0,1,0,0,0
GCF_1000817.1,0,1,1,0,0,0,1,1,0,0,0,0,0,0,1,1,1,1,0,1,0,0,0,9,2,2,4,1,0,2
GCF_1000818.1,0,1,1,0,0,0,0,0,0,0,1,0,1,1,0,1,1,0,1,1,1,1,1,12,1,0,4,4,2,1
GCF_1000819.1,1,1,1,0,0,0,0,0,0,0,1,0,0,1,1,0,0,0,1,0,0,0,0,7,1,0,3,2,0,0
GCF_1000820.1,0,1,1,1,1,0,0,0,0,1,1,0,0,1,0,0,0,0,1,0,0,0,1,9,4,0,3,2,0,0
GCF_1000821.1,1,1,0,1,1,0,0,0,0,1,1,0,0,1,1,0,1,0,1,1,0,0,1,12,4,0,3,3,0,1
GCF_1000822.1,0,1,1,0,0,0,0,0,0,0,0,0,0,0,0,1,1,0,1,1,1,1,1,9,0,0,4,2,2,1
GCF_1000823.1,0,1,1,0,0,0,0,0,1,0,0,0,1,0,0,1,1,0,0,0,1,0,1,8,1,0,4,1,1,1
GCF_1000824.1,0,1,1,1,0,0,0,0,0,0,0,1,0,0,0,0,0,0,0,0,0,0,1,5,2,1,3,0,0,0
GCF_1000825.1,0,1,1,0,0,0,0,0,0,0,1,0,0,0,1,0,0,1,0,0,0,1,1,7,1,0,4,0,1,1
GCF_1000826.1,0,1,1,1,0,0,0,0,0,1,1,0,0,1,1,1,0,1,1,1,1,1,1,14,3,0,5,3,2,1
GCF_1000827.1,1,1,1,0,1,0,1,1,0,0,1,1,1,0,1,0,0,1,0,1,1,0,1,14,5,3,4,2,1,1
GCF_1000828.1,1,1,1,0,0,0,0,0,0,0,1,0,1,0,1,1,0,0,1,0,0,0,1,9,1,0,5,2,0,0
GCF_1000829.1,0,1,1,1,0,0,0,1,0,1,1,0,0,1,0,0,0,0,1,0,0,0,0,8,4,1,2,2,0,0
GCF_1000830.1,1,0,1,1,1,0,0,0,0,0,0,0,0,1,0,0,1,0,1,1,1,1,1,11,2,0,2,3,2,1
GCF_1000831.1,0,1,1,0,1,0,0,0,0,0,1,0,0,0,1,0,0,0,0,0,0,0,1,6,2,0,4,0,0,0
GCF_1000832.1,1,0,1,0,1,0,1,0,0,0,0,1,1,1,1,1,1,1,0,0,0,0,1,12,3,2,4,2,0,2
GCF_1000833.1,0,1,1,0,0,0,0,0,1,0,1,0,1,1,0,0,0,0,1,1,0,1,1,10,2,0,3,4,1,0
GCF_1000834.1,1,1,1,1,0,0,0,0,0,0,0,0,0,0,1,0,0,0,0,0,0,0,1,6,1,0,4,0,0,0
GCF_1000835.1,0,0,1,0,0,0,0,0,0,0,0,0,0,0,0,0,0,0,0,0,1,0,1,3,0,0,2,0,1,0
GCF_1000836.1,0,1,1,0,1,0,0,1,1,0,1,0,0,1,0,0,0,0,0,0,0,0,0,7,4,1,2,1,0,0
GCF_1000837.1,1,1,1,1,1,0,1,0,0,0,1,0,1,1,1,1,0,0,1,1,0,1,0,14,4,1,4,4,1,0
GCF_1000838.1,0,1,1,0,0,0,0,0,0,0,0,0,0,0,1,0,0,0,0,0,0,1,0,4,0,0,3,0,1,0
GCF_1000839.1,0,0,1,0,1,0,0,0,0,1,1,0,0,0,0,0,0,0,0,0,0,0,0,4,3,0,1,0,0,0
GCF_1000840.1,1,1,1,0,1,0,0,0,0,1,1,0,0,1,0,0,0,0,1,1,0,1,1,11,3,0,3,3,1,0
GCF_1000841.1,0,1,1,0,1,0,0,0,1,0,1,0,1,0,1,0,1,1,0,0,0,0,1,10,3,0,4,1,0,2
GCF_1000842.1,1,1,1,0,0,1,0,0,0,0,0,0,1,0,0,0,0,0,0,1,0,1,1,8,1,1,3,2,1,0
GCF_1000843.1,0,1,1,0,0,0,0,0,0,0,0,0,0,0,0,1,0,0,0,1,0,0,1,5,0,0,4,1,0,0
GCF_1000844.1,1,0,1,1,0,0,0,0,0,0,0,1,1,1,0,0,0,0,1,1,0,1,1,10,2,1,2,4,1,0
GCF_1000845.1,0,1,1,0,1,0,0,0,0,1,1,0,1,0,1,1,0,0,1,0,0,0,1,10,3,0,5,2,0,0
GCF_1000846.1,0,1,1,1,0,0,0,0,0,1,1,0,1,1,0,0,1,0,1,0,0,0,1,10,3,0,3,3,0,1
GCF_1000847.1,1,1,1,0,1,0,0,0,0,0,1,0,0,1,0,0,0,0,0,0,0,0,1,7,2,0,3,1,0,0
GCF_1000848.1,0,1,1,0,0,0,0,1,0,0,1,0,1,0,0,0,0,0,0,0,0,0,1,6,2,1,3,1,0,0
GCF_1000849.1,0,1,1,1,0,0,0,0,0,0,1,0,0,1,0,0,0,0,0,0,0,0,1,6,2,0,3,1,0,0
GCF_1000850.1,1,1,1,1,0,0,0,0,0,1,1,0,1,1,0,0,0,0,0,1,1,0,1,11,3,0,3,3,1,0
GCF_1000851.1,0,1,1,1,0,0,0,0,0,0,0,0,0,0,1,0,0,0,1,0,0,1,1,7,1,0,4,1,1,0
GCF_1000852.1,1,1,1,0,0,0,0,0,0,0,0,1,1,0,1,0,1,1,0,0,1,1,1,11,1,1,4,1,2,2
GCF_1000853.1,0,1,1,0,0,0,0,0,0,0,1,0,0,0,1,0,0,0,0,0,0,0,1,5,1,0,4,0,0,0
GCF_1000854.1,1,0,1,1,0,0,1,0,0,0,1,1,1,1,0,0,1,0,1,0,0,1,1,12,4,2,2,3,1,1
GCF_1000855.1,1,0,1,1,1,0,0,1,0,1,1,0,1,1,0,0,0,0,1,1,0,0,1,12,5,1,2,4,0,0
GCF_1000856.1,0,1,1,0,0,0,0,0,0,0,1,0,1,0,0,0,0,0,1,1,1,1,1,9,1,0,3,3,2,0
GCF_1000857.1,0,1,1,0,1,0,1,1,0,0,0,0,0,1,0,0,0,1,1,0,1,1,1,11,3,2,3,2,2,1
GCF_1000858.1,0,1,1,0,0,0,0,0,0,0,1,0,0,0,0,1,1,0,0,0,0,0,0,5,1,0,3,0,0,1
GCF_1000859.1,1,1,1,0,0,1,1,0,0,0,1,0,1,1,1,0,0,0,1,0,0,0,1,11,3,2,4,3,0,0
GCF_1000860.1,0,1,1,0,0,0,0,0,0,0,1,0,0,1,1,0,0,0,0,1,0,0,0,6,1,0,3,2,0,0
GCF_1000861.1,0,1,0,0,0,0,0,0,0,0,1,0,0,0,0,0,0,0,0,0,0,1,1,4,1,0,2,0,1,0
GCF_1000862.1,0,1,1,1,1,0,0,0,0,1,0,0,0,1,1,1,0,0,0,0,0,0,1,9,3,0,5,1,0,0
GCF_1000863.1,0,1,1,0,0,0,0,0,0,0,1,0,1,1,0,1,0,0,1,1,1,0,1,10,1,0,4,4,1,0
GCF_1000864.1,0,1,1,1,0,0,0,0,0,0,1,0,1,1,1,1,0,0,1,1,0,1,1,12,2,0,5,4,1,0
GCF_1000865.1,1,1,1,0,1,0,0,0,1,0,1,0,0,0,1,1,0,0,0,0,0,0,1,9,3,0,5,0,0,0
GCF_1000866.1,1,1,1,0,0,0,0,0,0,0,1,0,0,0,1,1,0,0,1,1,0,1,1,10,1,0,5,2,1,0
GCF_1000867.1,1,1,1,1,1,0,0,0,0,0,1,0,0,1,0,0,0,0,0,1,1,1,1,11,3,0,3,2,2,0
GCF_1000868.1,0,1,1,0,1,0,1,0,0,0,1,0,1,1,0,0,0,0,0,0,0,0,1,8,3,1,3,2,0,0
GCF_1000869.1,0,1,0,0,0,0,0,0,1,0,0,0,0,0,0,1,0,0,0,0,1,0,1,5,1,0,3,0,1,0
GCF_1000870.1,0,1,1,0,0,0,0,0,0,0,0,0,1,1,1,0,1,0,1,1,0,1,1,10,0,0,4,4,1,1
GCF_1000871.1,1,1,1,1,0,0,0,0,0,1,1,0,1,1,0,0,1,0,0,1,0,1,1,12,3,0,3,3,1,1
GCF_1000872.1,0,1,1,0,0,0,0,0,0,0,0,0,1,1,0,0,0,0,0,0,0,0,1,5,0,0,3,2,0,0
GCF_1000873.1,0,1,0,0,1,0,0,0,0,0,1,0,0,1,0,1,0,0,0,1,1,0,1,8,2,0,3,2,1,0
GCF_1000874.1,1,1,0,0,0,0,0,0,0,0,0,0,1,1,0,0,0,1,1,1,0,0,0,7,0,0,1,4,0,1
GCF_1000875.1,1,1,1,1,0,0,0,0,1,1,0,0,1,1,0,1,0,0,1,1,1,0,1,13,3,0,4,4,1,0
GCF_1000876.1,0,1,1,0,0,0,0,0,0,0,1,0,0,0,0,0,0,0,1,1,0,0,1,6,1,0,3,2,0,0
GCF_1000877.1,1,1,1,0,1,0,0,0,0,0,1,0,1,1,0,0,0,0,1,0,0,0,1,9,2,0,3,3,0,0
GCF_1000878.1,1,1,1,1,1,0,0,0,0,0,1,0,0,1,1,0,1,0,1,1,0,0,1,12,3,0,4,3,0,1
GCF_1000879.1,0,1,1,0,0,0,0,0,0,1,0,1,0,1,0,0,1,0,0,1,0,0,1,8,2,1,3,2,0,1
GCF_1000880.1,1,1,1,0,0,0,0,0,0,0,1,0,0,1,0,0,0,1,0,0,1,1,1,9,1,0,3,1,2,1
GCF_1000881.1,0,1,1,0,0,0,0,0,0,0,0,0,1,0,1,0,0,1,1,0,0,0,1,7,0,0,4,2,0,1
GCF_1000882.1,1,1,1,0,0,0,0,1,0,0,0,0,1,0,1,0,1,0,1,0,0,0,1,9,1,1,4,2,0,1
GCF_1000883.1,1,1,1,0,0,0,1,1,1,0,0,0,1,0,1,0,1,1,1,1,1,0,1,14,3,2,4,3,1,2
GCF_1000884.1,0,1,1,1,0,0,0,0,0,1,0,1,0,0,0,0,1,0,0,0,1,0,1,8,3,1,3,0,1,1
GCF_1000885.1,1,1,1,0,0,0,0,1,1,0,1,0,1,0,0,0,0,0,0,1,0,1,1,10,3,1,3,2,1,0
GCF_1000886.1,0,1,1,1,0,0,0,1,0,0,1,0,0,0,0,0,0,1,0,0,0,0,1,7,3,1,3,0,0,1
GCF_1000887.1,1,1,1,1,1,0,0,0,0,0,1,0,0,1,0,0,0,0,1,1,0,1,1,11,3,0,3,3,1,0
GCF_1000888.1,0,1,1,0,0,0,0,0,0,0,0,0,1,0,0,1,0,0,1,1,1,1,1,9,0,0,4,3,2,0
GCF_1000889.1,1,1,1,0,0,0,0,0,0,0,0,0,1,1,0,1,0,1,0,0,0,0,0,7,0,0,3,2,0,1
GCF_1000890.1,0,1,1,1,1,0,0,0,0,0,1,0,1,0,1,1,0,0,1,1,0,0,0,10,3,0,4,3,0,0
GCF_1000891.1,0,1,0,0,0,0,0,0,1,0,0,0,0,0,0,0,0,0,0,0,0,1,1,4,1,0,2,0,1,0
GCF_1000892.1,1,1,1,0,0,0,0,0,1,0,0,0,0,0,1,1,0,0,0,0,0,0,1,7,1,0,5,0,0,0
GCF_1000893.1,0,1,1,1,1,0,0,1,0,0,1,0,0,0,1,1,0,0,1,0,0,1,1,11,4,1,5,1,1,0
GCF_1000894.1,0,1,1,0,0,0,0,0,0,1,1,0,0,0,1,0,0,0,0,0,0,0,1,6,2,0,4,0,0,0
GCF_1000895.1,0,1,1,0,0,0,0,0,1,0,0,0,1,0,1,1,0,0,1,0,1,1,1,10,1,0,5,2,2,0
GCF_1000896.1,1,0,0,0,0,0,0,0,0,0,1,0,1,0,0,0,1,0,1,1,0,0,0,6,1,0,0,3,0,1
GCF_1000897.1,0,1,1,1,1,0,0,0,0,1,1,0,0,0,1,1,1,0,0,1,0,0,1,11,4,0,5,1,0,1
GCF_1000898.1,0,1,1,0,1,0,0,0,0,0,1,0,0,1,1,0,0,1,1,1,1,1,1,12,2,0,4,3,2,1
GCF_1000899.1,1,1,1,0,0,0,1,1,0,0,1,0,1,1,0,0,0,0,1,1,1,1,1,13,3,2,3,4,2,0
GCF_1000900.1,0,1,1,1,0,0,1,1,0,0,0,1,1,0,1,0,1,1,1,0,0,0,1,12,4,3,4,2,0,2
GCF_1000901.1,1,1,1,1,1,0,0,0,0,1,0,1,1,1,0,0,0,0,0,0,0,1,0,10,4,1,2,2,1,0
GCF_1000902.1,1,1,1,0,0,0,0,0,0,0,0,1,1,1,0,0,0,1,1,1,1,0,0,10,1,1,2,4,1,1
GCF_1000903.1,0,1,1,0,1,0,1,0,0,0,1,0,1,1,1,0,0,0,1,0,0,1,1,11,3,1,4,3,1,0
GCF_1000904.1,0,1,1,1,0,0,0,0,0,1,0,0,1,0,1,1,0,0,0,0,0,0,1,8,2,0,5,1,0,0
GCF_1000905.1,1,1,1,0,1,0,1,0,0,1,1,0,0,0,1,0,0,1,0,0,0,0,1,10,4,1,4,0,0,1
GCF_1000906.1,0,1,1,1,0,0,0,0,0,0,0,0,0,0,0,0,0,0,1,0,0,0,0,4,1,0,2,1,0,0
GCF_1000907.1,0,1,1,1,1,0,0,1,0,1,1,0,1,1,0,0,0,1,0,1,0,1,1,13,5,1,3,3,1,1
GCF_1000908.1,0,1,1,1,1,0,0,0,0,1,1,0,1,0,0,0,0,0,0,1,1,0,1,10,4,0,3,2,1,0
GCF_1000909.1,1,1,1,1,1,0,0,0,0,0,1,0,1,0,1,0,0,0,1,0,0,0,1,10,3,0,4,2,0,0
GCF_1000910.1,0,1,1,0,1,0,0,0,0,0,1,0,0,0,0,0,0,0,0,0,0,1,0,5,2,0,2,0,1,0
GCF_1000911.1,1,1,1,0,1,0,1,0,0,0,0,1,1,1,1,0,0,1,0,0,1,0,0,11,3,2,3,2,1,1
GCF_1000912.1,1,1,1,0,0,0,0,0,1,0,0,0,0,1,1,0,1,0,0,0,0,0,1,8,1,0,4,1,0,1
GCF_1000913.1,0,1,1,0,1,0,0,0,1,0,0,0,0,1,1,0,0,0,0,0,1,1,0,8,2,0,3,1,2,0
GCF_1000914.1,0,1,1,1,0,0,0,0,0,0,0,0,0,0,0,0,0,0,0,0,0,0,0,3,1,0,2,0,0,0
GCF_1000915.1,1,1,1,0,0,0,0,0,0,0,0,0,1,0,0,0,0,0,0,0,0,1,1,6,0,0,3,1,1,0
GCF_1000916.1,1,0,1,0,0,0,0,0,0,1,1,0,1,1,0,0,1,0,1,1,1,1,1,12,2,0,2,4,2,1
GCF_1000917.1,1,1,0,0,0,0,0,0,0,1,0,0,0,1,0,1,0,0,0,0,0,1,1,7,1,0,3,1,1,0
GCF_1000918.1,0,1,1,0,0,0,0,0,0,0,1,0,1,1,1,0,1,0,0,0,0,0,1,8,1,0,4,2,0,1
GCF_1000919.1,1,1,1,0,0,0,0,0,0,0,1,0,1,1,0,1,0,0,1,0,1,1,1,11,1,0,4,3,2,0
GCF_1000920.1,0,1,1,0,0,0,0,0,0,0,1,0,1,1,0,1,0,1,0,1,0,0,1,9,1,0,4,3,0,1
GCF_1000921.1,0,1,1,0,1,0,0,0,0,1,1,0,0,1,1,1,1,1,1,0,0,1,1,13,3,0,5,2,1,2
GCF_1000922.1,0,1,0,0,0,0,0,0,1,0,0,0,0,0,1,1,0,0,1,1,0,0,1,7,1,0,4,2,0,0
GCF_1000923.1,0,1,1,0,1,0,0,1,0,0,0,0,0,0,0,1,0,0,1,0,0,0,1,7,2,1,4,1,0,0
GCF_1000924.1,0,1,1,0,1,0,0,0,0,0,0,0,0,1,0,0,0,0,1,1,1,1,1,9,1,0,3,3,2,0
GCF_1000925.1,0,1,1,1,0,0,0,0,0,0,1,0,1,1,1,0,0,0,1,1,1,1,1,12,2,0,4,4,2,0
GCF_1000926.1,1,1,1,0,1,0,0,0,1,0,0,0,1,1,1,1,0,0,1,0,0,0,1,11,2,0,5,3,0,0
GCF_1000927.1,0,1,1,1,0,0,0,0,0,0,0,0,0,0,0,0,1,1,0,0,0,0,1,6,1,0,3,0,0,2
GCF_1000928.1,1,1,1,1,0,0,0,0,0,0,0,0,0,0,1,0,0,0,0,0,0,0,1,6,1,0,4,0,0,0
GCF_1000929.1,1,1,1,1,1,0,0,0,0,0,1,0,1,1,0,1,0,0,1,1,1,0,1,13,3,0,4,4,1,0
GCF_1000930.1,1,0,1,0,0,0,0,0,0,0,1,0,1,1,1,0,0,0,0,0,1,0,0,7,1,0,2,2,1,0
GCF_1000931.1,0,1,1,1,1,0,0,0,0,0,0,0,1,0,1,0,0,0,0,1,0,0,1,8,2,0,4,2,0,0
GCF_1000932.1,0,1,1,1,0,0,0,1,0,0,0,0,0,0,0,0,0,1,0,0,1,0,1,7,2,1,3,0,1,1
GCF_1000933.1,0,1,1,1,0,0,1,0,0,0,1,0,0,0,0,1,0,0,0,0,0,0,1,7,3,1,4,0,0,0
GCF_1000934.1,0,1,1,0,0,0,0,0,0,0,1,0,0,1,1,0,0,0,0,0,1,1,1,8,1,0,4,1,2,0
GCF_1000935.1,0,1,1,1,0,0,1,1,0,0,1,0,0,1,0,0,1,0,1,0,1,1,1,12,4,2,3,2,2,1
GCF_1000936.1,1,1,1,0,1,0,0,0,1,1,1,0,0,1,0,0,0,0,1,1,0,1,1,12,4,0,3,3,1,0
GCF_1000937.1,0,1,1,0,0,0,0,0,0,0,0,0,0,0,0,1,0,0,0,0,0,0,1,4,0,0,4,0,0,0
GCF_1000938.1,0,1,1,1,1,0,0,0,0,1,1,0,1,0,0,0,1,0,1,1,1,1,1,13,4,0,3,3,2,1
GCF_1000939.1,1,1,1,1,0,0,1,0,0,0,1,0,0,0,1,0,0,0,0,0,0,0,1,8,3,1,4,0,0,0
GCF_1000940.1,0,1,1,1,1,0,0,1,0,0,1,1,1,1,0,1,1,1,0,1,1,0,0,14,5,2,3,3,1,2
GCF_1000941.1,0,1,1,0,0,0,0,0,0,0,1,1,0,0,1,0,0,0,0,0,0,1,1,7,2,1,4,0,1,0
GCF_1000942.1,0,1,1,0,0,0,0,0,0,1,0,0,0,0,0,0,1,0,1,0,0,0,1,6,1,0,3,1,0,1
GCF_1000943.1,0,1,1,1,0,0,0,0,0,0,0,0,0,1,0,0,0,0,0,0,0,0,1,5,1,0,3,1,0,0
GCF_1000944.1,1,1,0,0,0,0,0,0,0,0,0,0,1,0,0,0,1,0,0,1,1,1,1,8,0,0,2,2,2,1
GCF_1000945.1,1,1,1,1,0,0,1,1,0,0,1,1,1,1,0,0,0,1,1,1,1,1,1,16,5,3,3,4,2,1
GCF_1000946.1,1,0,1,1,0,0,0,0,0,0,0,0,1,1,1,0,0,1,0,1,1,1,1,11,1,0,3,3,2,1
GCF_1000947.1,0,1,1,1,1,0,0,0,0,1,1,0,0,0,0,0,0,0,0,0,0,0,1,7,4,0,3,0,0,0
GCF_1000948.1,1,1,1,0,1,0,0,0,1,0,1,0,1,1,1,0,0,1,1,0,0,0,1,12,3,0,4,3,0,1
GCF_1000949.1,0,1,1,0,0,0,0,0,0,0,0,0,0,0,1,0,0,0,0,0,0,0,1,4,0,0,4,0,0,0
GCF_1000950.1,1,1,1,1,1,0,0,0,1,0,1,0,1,1,0,0,1,0,0,0,0,0,1,11,4,0,3,2,0,1
GCF_1000951.1,1,1,0,1,1,0,0,0,0,0,1,0,0,1,0,0,0,0,1,0,0,0,1,8,3,0,2,2,0,0
GCF_1000952.1,0,1,1,1,0,0,0,0,0,0,0,0,1,1,0,0,1,0,1,1,1,1,1,11,1,0,3,4,2,1
GCF_1000953.1,0,1,1,0,0,0,0,1,0,0,1,0,1,0,1,0,0,0,0,0,0,1,1,8,2,1,4,1,1,0
GCF_1000954.1,0,1,1,0,0,0,0,0,0,0,0,0,1,0,0,0,0,0,0,1,0,0,1,5,0,0,3,2,0,0
GCF_1000955.1,0,1,1,1,0,0,0,0,0,0,0,0,0,0,0,0,0,0,0,0,1,0,0,4,1,0,2,0,1,0
GCF_1000956.1,0,1,0,0,0,0,0,1,0,0,0,0,0,0,0,0,0,0,0,0,0,0,1,3,1,1,2,0,0,0
GCF_1000957.1,1,0,1,1,1,0,0,0,0,0,0,0,1,1,0,0,0,0,1,1,0,1,1,10,2,0,2,4,1,0
GCF_1000958.1,0,1,0,1,0,0,1,1,0,0,0,0,0,0,1,0,1,0,1,1,1,1,1,11,3,2,3,2,2,1
GCF_1000959.1,0,1,1,0,0,0,0,0,0,0,0,0,0,0,0,0,0,1,0,0,0,0,1,4,0,0,3,0,0,1
GCF_1000960.1,1,1,1,1,1,0,1,1,0,1,0,0,1,0,0,1,1,1,1,1,0,1,1,16,5,2,4,3,1,2
GCF_1000961.1,1,1,0,0,0,0,0,0,0,0,1,0,1,0,0,1,0,0,0,1,0,0,1,7,1,0,3,2,0,0
GCF_1000962.1,1,0,1,1,0,0,0,0,0,0,1,0,0,1,0,0,0,0,1,1,1,0,1,9,2,0,2,3,1,0
GCF_1000963.1,1,1,1,0,0,0,0,0,0,0,0,0,0,1,1,0,0,0,0,0,0,1,1,7,0,0,4,1,1,0
GCF_1000964.1,0,1,1,0,0,0,0,0,0,0,1,0,1,1,1,1,0,0,0,0,1,1,1,10,1,0,5,2,2,0
GCF_1000965.1,1,1,1,0,0,0,0,0,0,1,1,0,1,0,1,0,0,0,1,0,1,1,0,10,2,0,3,2,2,0
GCF_1000966.1,0,1,0,1,0,0,0,0,0,1,1,0,0,0,1,0,0,0,0,0,0,1,1,7,3,0,3,0,1,0
GCF_1000967.1,0,1,1,1,1,0,0,0,0,1,1,0,0,1,1,1,1,0,1,0,1,1,1,14,4,0,5,2,2,1
GCF_1000968.1,0,1,1,0,0,0,0,0,0,0,0,0,0,0,0,0,0,0,0,0,0,0,1,3,0,0,3,0,0,0
GCF_1000969.1,1,1,1,1,1,0,0,0,0,0,1,0,0,0,0,0,0,0,0,1,0,0,1,8,3,0,3,1,0,0
GCF_1000970.1,0,1,0,0,1,0,0,0,0,1,1,0,0,0,1,0,0,0,1,0,0,0,1,7,3,0,3,1,0,0
GCF_1000971.1,0,1,1,1,0,0,1,1,0,0,1,0,0,0,0,1,1,0,0,0,0,0,0,8,4,2,3,0,0,1
GCF_1000972.1,0,1,1,1,0,0,0,0,0,0,0,0,1,0,1,0,0,0,0,0,0,0,1,6,1,0,4,1,0,0
GCF_1000973.1,1,1,0,1,1,0,0,0,0,1,0,0,1,0,1,1,0,0,1,1,1,0,1,12,3,0,4,3,1,0
GCF_1000974.1,1,1,0,1,0,0,0,0,1,0,1,0,1,1,1,1,0,0,1,1,1,0,1,13,3,0,4,4,1,0
GCF_1000975.1,1,1,0,0,0,0,0,1,1,0,1,0,1,1,1,0,1,1,1,1,1,1,1,15,3,1,3,4,2,2
GCF_1000976.1,0,1,0,0,1,0,0,0,0,0,1,0,0,0,0,0,1,0,0,0,0,0,1,5,2,0,2,0,0,1
GCF_1000977.1,1,1,1,0,1,0,1,0,0,0,0,0,0,1,0,0,0,0,1,0,1,1,1,10,2,1,3,2,2,0
GCF_1000978.1,0,0,1,0,0,0,0,0,0,0,1,0,0,0,0,0,0,0,0,0,0,0,1,3,1,0,2,0,0,0
GCF_1000979.1,0,1,1,0,1,0,0,0,0,0,0,0,0,0,0,1,0,0,0,0,0,1,1,6,1,0,4,0,1,0
GCF_1000980.1,0,1,1,1,1,0,0,0,0,1,1,0,1,0,0,0,0,1,1,0,0,0,1,10,4,0,3,2,0,1
GCF_1000981.1,0,1,1,1,0,0,0,0,0,0,1,0,0,0,0,0,0,0,0,1,1,1,1,8,2,0,3,1,2,0
GCF_1000982.1,1,1,0,0,0,0,0,0,1,0,1,0,1,1,0,0,0,0,1,0,0,1,1,9,2,0,2,3,1,0
GCF_1000983.1,1,1,1,1,1,0,0,0,0,1,0,0,1,1,0,0,0,0,1,0,1,1,1,12,3,0,3,3,2,0
GCF_1000984.1,0,1,1,1,1,0,0,1,0,1,1,0,0,0,0,0,0,0,0,0,0,0,1,8,5,1,3,0,0,0
GCF_1000985.1,0,1,1,1,1,0,0,0,0,1,1,0,0,1,1,0,0,0,0,1,0,0,1,10,4,0,4,2,0,0
GCF_1000986.1,0,1,0,0,0,0,0,0,0,0,0,0,0,0,0,1,0,0,0,0,0,0,1,3,0,0,3,0,0,0
GCF_1000987.1,1,1,1,0,0,0,0,1,0,0,1,0,0,0,0,0,1,0,0,0,0,0,1,7,2,1,3,0,0,1
GCF_1000988.1,1,1,1,1,1,0,0,0,0,0,1,1,0,1,0,0,1,0,1,1,1,1,1,14,4,1,3,3,2,1
GCF_1000989.1,0,1,1,1,0,0,0,0,0,0,0,0,0,1,0,0,0,0,0,0,0,0,1,5,1,0,3,1,0,0
GCF_1000990.1,0,1,0,1,0,0,1,1,0,0,0,0,0,0,0,0,0,0,0,0,0,0,1,5,3,2,2,0,0,0
GCF_1000991.1,0,1,1,0,0,0,0,0,0,0,1,0,0,0,0,0,0,0,0,0,0,1,1,5,1,0,3,0,1,0
GCF_1000992.1,1,1,1,0,1,0,0,0,0,0,0,0,1,1,1,0,0,0,1,0,0,1,1,10,1,0,4,3,1,0
GCF_1000993.1,0,1,1,1,1,0,1,0,0,1,1,0,0,1,0,1,0,0,0,0,0,0,1,10,5,1,4,1,0,0
GCF_1000994.1,0,1,1,0,0,0,0,0,0,0,1,1,1,1,0,0,0,0,1,0,0,0,1,8,2,1,3,3,0,0
GCF_1000995.1,1,0,1,0,0,0,0,1,0,0,0,0,1,1,1,0,0,0,1,0,0,0,1,8,1,1,3,3,0,0
GCF_1000996.1,0,1,1,0,0,0,0,0,0,0,0,1,1,0,0,0,0,1,0,0,0,0,1,6,1,1,3,1,0,1
GCF_1000997.1,0,1,1,1,1,0,0,0,0,1,1,0,0,1,0,0,0,0,0,1,1,0,1,10,4,0,3,2,1,0
GCF_1000998.1,0,1,1,1,1,0,0,0,0,1,0,0,0,1,0,0,0,0,1,0,0,1,1,9,3,0,3,2,1,0
GCF_1000999.1,1,1,1,1,0,1,0,0,0,1,1,0,0,1,0,1,0,0,0,0,0,0,1,10,4,1,4,1,0,0
